Rank,Item,Major Group,Family Group,Menu Class,Total Net Sales,Total Qty Sold,Avg Price,Discount,Discount Pct,Rev Contribution Pct,Cumulative Rev Pct
1,Oxtail,Food,Main Grill,Star,7253489.8,23064,314.49,-51981.009999999995,-0.71,2.4636,2.4636
2,Grilled Salmon ,Food,Main Sea Food,Star,6903685.359999999,21122,326.85,-68896.76999999999,-0.99,2.3448,4.8084
3,Chalmar T-Bone 500g,Food,Main Grill,Star,5261985.63,15884,331.28,-27394.32,-0.52,1.7872,6.5956
4,Full English Breakfast,Food,Breakfast,Star,5257361.81,19529,269.21,-96045.85,-1.79,1.7857,8.3813
5,800g Pork Ribs,Food,Main Grill,Star,4982206.9,15409,323.33,-47220.380000000005,-0.94,1.6922,10.0735
6,Guest Bar Snack,Food,Banqueting - Cocktail ,Star,4767709.83,26963,176.82,-8950.27,-0.19,1.6193,11.6928
7,Grilled Chicken Thigh,Food,Main Poultry,Star,4685823.78,25179,186.1,-30894.120000000003,-0.65,1.5915,13.2843
8,Moet & Chandon Nectar ,Beverage,Ent - Sparkling Wine,Star,4657832.02,3548,1312.8,-73167.5,-1.55,1.582,14.8663
9,Veuve Clicquot Yellow Label ,Beverage,Ent - Sparkling Wine,Star,4594305.18,3326,1381.33,-70574.7,-1.51,1.5604,16.4267
10,Veuve Clicquot Rich ,Beverage,Ent - Sparkling Wine,Star,4443053.74,3065,1449.61,-53203.68,-1.18,1.5091,17.9358
11,Meat Platter for 4,Food,Main Specials,Star,4399324.34,4135,1063.92,-39538.54,-0.89,1.4942,19.43
12,Chalmar Rib Eye 350g,Food,Main Grill,Star,4154134.54,12958,320.58,-25335.190000000002,-0.61,1.4109,20.8409
13,Lamb Loin Cutlets 330g,Food,Main Grill,Star,3887288.71,11851,328.01,-29567.88,-0.75,1.3203,22.1612
14,Braised Lamb Shank ,Food,Main Grill,Star,3864382.87,11030,350.35,-30045.48,-0.77,1.3125,23.4737
15,Fish & Chips,Food,Main Sea Food,Star,3649833.5100000002,21891,166.73,-18942.45,-0.52,1.2397,24.7134
16,Hennessy Vsop ,Beverage,Ent - Cognac,Star,3644820.6799999997,18941,192.43,-24078.910000000003,-0.66,1.238,25.9514
17,Grilled Baby Kingklip,Food,Main Sea Food,Star,3470737.99,12061,287.77,-36520.67,-1.04,1.1788,27.1302
18,Chicken Wings 500g,Food,Light Meals,Star,3388598.88,20962,161.65,-20459.05,-0.6,1.1509,28.2811
19,Gourmet Beef Burger,Food,Light Meals,Star,3317361.99,20888,158.82,-14638.32,-0.44,1.1267,29.4078
20,Chalmar Beef Fillet 300g,Food,Main Specials,Star,3296064.95,10242,321.82,-13877.14,-0.42,1.1195,30.5273
21,Lamb Curry,Food,Main Salad,Star,3116044.6799999997,10184,305.97,-28633.96,-0.91,1.0584,31.5857
22,French Fries,Food,Side Orders,Star,3109456.04,64746,48.03,-17687.55,-0.57,1.0561,32.6418
23,Hennessy VSOP 750ml,Beverage,Ent - Cognac,Star,3023454.04,1079,2802.09,-48471.78999999999,-1.58,1.0269,33.6687
24,Goat Tagine,Food,Main Grill,Star,2896925.46,9288,311.9,-49542.259999999995,-1.68,0.9839,34.6526
25,San Wrap Grilled,Food,Light Meals,Star,2859548.8,18252,156.67,-14888.99,-0.52,0.9712,35.6238
26,Acqua Panna 750ml,Beverage,Ent - Minerals Water,Star,2755174.26,37830,72.83,-31719.2,-1.14,0.9358,36.5596
27,Pasta Alfredo,Food,Main Pasta,Star,2674945.3600000003,16310,164.01,-10388.36,-0.39,0.9085,37.4681
28,Pasta Peppa Dew Chicken,Food,Main Pasta,Star,2573350.44,15611,164.84,-10892.84,-0.42,0.874,38.3421
29,Coke Can 300ml,Beverage,Ent - Minerals Softdrinks,Star,2507056.12,63666,39.38,-10371.71,-0.41,0.8515,39.1936
30,Grilled Prawn Tagliatelle,Food,Main Pasta,Star,2373778.13,9863,240.68,-14818.150000000001,-0.62,0.8062,39.9998
31,Grilled Prawns - 6 XL Prawns,Food,Main Specials,Star,2358594.5300000003,6532,361.08,-13624.580000000002,-0.57,0.8011,40.8009
32,Tanqueray No 10,Beverage,Ent - White Spirits,Star,2246757.2600000002,36032,62.35,-11198.92,-0.5,0.7631,41.564
33,Tequila Don Julio,Beverage,Ent - Liqueur,Star,2228841.7,26030,85.63,-18489.67,-0.82,0.757,42.321
34,Margarita,Beverage,Ent - Cocktails,Star,2113489.3,18829,112.25,-11573.3,-0.54,0.7178,43.0388
35,Jagermeister,Beverage,Ent - Liqueur,Star,1979498.5,37292,53.08,-18901.199999999997,-0.95,0.6723,43.7111
36,1Kg Chicken Wings,Food,Main Specials,Star,1963934.95,7489,262.24,-13567.09,-0.69,0.667,44.3781
37,Heineken Draught,Beverage,Ent - Beer,Star,1962319.58,33315,58.9,-5918.59,-0.3,0.6665,45.0446
38,Jordan Estate Black Magic Stelle,Beverage,Ent - Red Wine,Star,1958852.46,9128,214.6,-9119.49,-0.46,0.6653,45.7099
39,Savanna Dry NRB 330ml,Beverage,Ent - Cooler,Star,1895355.67,41004,46.22,-7794.39,-0.41,0.6438,46.3537
40,Castle Lite Draught,Beverage,Ent - Beer,Star,1786273.56,33689,53.02,-6408.46,-0.36,0.6067,46.9604
41,San Chicken Salad,Food,Salad,Star,1670344.3699999999,12730,131.21,-8896.57,-0.53,0.5673,47.5277
42,Long Island Iced Tea,Beverage,Ent - Cocktails,Star,1636516.39,13773,118.82,-6380.48,-0.39,0.5558,48.0835
43,Corona Extra 330ml,Beverage,Ent - Beer,Star,1634562.13,28188,57.99,-7707.5199999999995,-0.47,0.5552,48.6387
44,Stella Artois Draught ,Beverage,Ent - Beer,Star,1602004.4,26783,59.81,-7085.85,-0.44,0.5441,49.1828
45,La Vie Glass Still 750ml,Beverage,Ent - Minerals Water,Star,1597699.6099999999,33873,47.17,-8601.1,-0.54,0.5427,49.7255
46,Chalmar Sirloin 300g,Food,Main Grill,Star,1540912.6600000001,5139,299.85,-7660.5,-0.49,0.5234,50.2489
47,Glenfiddich 15 Year,Beverage,Ent - Whiskey,Star,1498588.42,10569,141.79,-21892.58,-1.44,0.509,50.7579
48,Tonic Water Indian Fitch & Leeds,Beverage,Ent - Minerals Softdrinks,Star,1498102.03,45250,33.11,-8330.18,-0.55,0.5088,51.2667
49,Jameson,Beverage,Ent - Whiskey,Star,1496186.44,34116,43.86,-5875.1,-0.39,0.5082,51.7749
50,Vilafonte Seriously Old Dirt ,Beverage,Ent - Red Wine,Star,1465641.36,2239,654.6,-9377.59,-0.64,0.4978,52.2727
51,Chalmar Tomahawk Steak,Food,Main Grill,Star,1451249.32,2987,485.86,-29569.83,-2.0,0.4929,52.7656
52,Lemonade Fitch & Leeds 200ml,Beverage,Ent - Minerals Softdrinks,Star,1377514.75,40948,33.64,-8649.470000000001,-0.62,0.4679,53.2335
53,Edgebaston David Finlayson Cab S,Beverage,Ent - Red Wine,Star,1352969.19,7031,192.43,-4319.24,-0.32,0.4595,53.693
54,Jameson Select Reserve ,Beverage,Ent - Whiskey,Star,1351205.38,18104,74.64,-8453.23,-0.62,0.4589,54.1519
55,Cappuccino,Food,Ent - Coffee,Star,1341322.1800000002,37239,36.02,-7895.73,-0.59,0.4556,54.6075
56,Mushroom Truffle Soup,Food,Soup,Star,1339147.67,9631,139.05,-3988.48,-0.3,0.4548,55.0623
57,Chalmar Rump 300g,Food,Main Grill,Star,1322971.6099999999,4516,292.95,-6386.48,-0.48,0.4493,55.5116
58,Ice Tropez NRB 275ml,Beverage,Ent - Cooler,Star,1246707.4300000002,9535,130.75,-6488.32,-0.52,0.4234,55.935
59,Tequila El Jimador Gold,Beverage,Ent - Liqueur,Star,1228743.89,23369,52.58,-4269.87,-0.35,0.4173,56.3523
60,Strawberry Daiquiry,Beverage,Ent - Cocktails,Star,1178104.49,11385,103.48,-6316.54,-0.53,0.4001,56.7524
61,Avocado Ritz,Food,Starter,Star,1156389.79,7018,164.77,-5854.79,-0.5,0.3928,57.1452
62,Klein Constantia Metis Sauv Blan,Beverage,Ent - White Wine,Star,1151356.7,5628,204.58,-3401.86,-0.29,0.3911,57.5363
63,Hendricks Gin,Beverage,Ent - White Spirits,Star,1150617.93,21069,54.61,-6223.54,-0.54,0.3908,57.9271
64,Cake of the Day,Food,Cold Dessert,Star,1120650.8599999999,9432,118.81,-7714.91,-0.68,0.3806,58.3077
65,Red Bull Can 250ml,Beverage,Ent - Minerals Softdrinks,Star,1083142.8199999998,22572,47.99,-6749.63,-0.62,0.3679,58.6756
66,San Pellegrino 750ml,Beverage,Ent - Minerals Water,Star,1074149.28,14804,72.56,-14652.09,-1.35,0.3648,59.0404
67,Rupert & Rothschild Baron Edmond,Beverage,Ent - Red Wine,Star,1072262.21,1085,988.26,-22490.960000000003,-2.05,0.3642,59.4046
68,Johnnie Walker Black,Beverage,Ent - Whiskey,Star,1049581.6800000002,13944,75.27,-2795.8999999999996,-0.27,0.3565,59.7611
69,Chivas Regal 12 Year 750ml,Beverage,Ent - Whiskey,Star,1038438.9,435,2387.22,-6831.72,-0.65,0.3527,60.1138
70,Pastry Basket (4 Pastries),Food,Breakfast Extra,Star,1029472.38,10592,97.19,-776.5799999999999,-0.08,0.3497,60.4635
71,Mixed Berry Gin & Tonic,Beverage,Ent - Cocktails,Star,994194.96,6927,143.52,-4115.5,-0.41,0.3377,60.8012
72,Inverroche Gin Amber ,Beverage,Ent - White Spirits,Star,981210.55,17655,55.58,-5222.48,-0.53,0.3333,61.1345
73,Coke Zero Can 300ml,Beverage,Ent - Minerals Softdrinks,Star,978048.16,24551,39.84,-3781.3599999999997,-0.39,0.3322,61.4667
74,Caesar Salad ,Food,Salad,Star,965703.6799999999,7153,135.01,-3867.55,-0.4,0.328,61.7947
75,Filter Coffee,Food,Ent - Coffee,Star,933128.4000000001,32612,28.61,-573.16,-0.06,0.3169,62.1116
76,Continental Breakfast,Food,Breakfast,Star,923004.55,4487,205.71,-10282.77,-1.1,0.3135,62.4251
77,Glenlivet 15 Year ,Beverage,Ent - Whiskey,Star,920627.7100000001,6130,150.18,-27628.02,-2.91,0.3127,62.7378
78,Classic Mojito,Beverage,Ent - Cocktails,Star,900542.8700000001,8295,108.56,-3137.04,-0.35,0.3059,63.0437
79,Summer In The City,Beverage,Ent - Cocktails,Star,860055.07,6895,124.74,-2464.87,-0.29,0.2921,63.3358
80,Blowjob,Beverage,Ent - Shooters,Star,845703.51,16835,50.23,-5643.84,-0.66,0.2872,63.623
81,Stellenrust Chenin Blanc Spumate,Beverage,Ent - Sparkling Wine,Star,844313.25,3559,237.23,-2539.7799999999997,-0.3,0.2868,63.9098
82,Set Menu 2,Food,Banqueting - Cocktail ,Star,838487.11,1592,526.69,-3528.67,-0.42,0.2848,64.1946
83,Heineken NRB 330ml,Beverage,Ent - Beer,Star,812151.71,16374,49.6,-3075.0899999999997,-0.38,0.2758,64.4704
84,Grilled Vegetables,Food,Side Orders,Star,811955.32,17018,47.71,-9989.470000000001,-1.22,0.2758,64.7462
85,Cederberg Bukketraube 750ml,Beverage,Ent - White Wine,Star,794668.7,2149,369.79,-3527.54,-0.44,0.2699,65.0161
86,Olive Oil Mashed Potato,Food,Side Orders,Star,792779.6,16675,47.54,-5994.219999999999,-0.75,0.2693,65.2854
87,Five Roses Tea,Food,Ent - Tea,Star,782901.76,25648,30.52,-1099.49,-0.14,0.2659,65.5513
88,La Vie Still 250ml,Beverage,Ent - Minerals Water,Star,779935.24,32251,24.18,-2160.88,-0.28,0.2649,65.8162
89,Cape Wagyu Beef Burger,Food,Light Meals,Star,775847.41,3146,246.61,-4105.35,-0.53,0.2635,66.0797
90,Lamb Ribs 600g,Food,Main Salad,Star,758894.9099999999,2248,337.59,-6613.77,-0.86,0.2578,66.3375
91,Add On ,Food,Side Orders,Star,751645.58,16869,44.56,-11512.17,-1.51,0.2553,66.5928
92,Vilafonte Seriously Old Dirt GLS,Beverage,Ent - Red Wine,Star,720431.31,4287,168.05,-5481.389999999999,-0.76,0.2447,66.8375
93,Windhoek Draught,Beverage,Ent - Beer,Star,701435.76,10666,65.76,-2607.33,-0.37,0.2382,67.0757
94,Chalmar Wing Rib Steak 500g,Food,Main Grill,Star,699414.85,2145,326.07,-10196.5,-1.44,0.2376,67.3133
95,Strawberry Cream Soda Mocktails,Beverage,Ent - Cocktails,Star,698709.48,8497,82.23,-2484.51,-0.35,0.2373,67.5506
96,Castle Lite NRB 330ml,Beverage,Ent - Beer,Star,689626.28,15790,43.67,-2056.55,-0.3,0.2342,67.7848
97,Traditional Malva Pudding,Food,Cold Dessert,Star,681788.35,5599,121.77,-2998.6899999999996,-0.44,0.2316,68.0164
98,Dry Snack,Food,Banqueting - Cocktail ,Star,680739.23,2066,329.5,-167.18,-0.02,0.2312,68.2476
99,Chicken curry ,Food,Main Grill,Star,673455.1399999999,3110,216.55,-4251.99,-0.63,0.2287,68.4763
100,Seabass,Food,Main Grill,Star,663401.6,2133,311.02,-12117.039999999999,-1.79,0.2253,68.7016
101,Glenfiddich 18 Year ,Beverage,Ent - Whiskey,Star,659345.89,3610,182.64,-11019.64,-1.64,0.2239,68.9255
102,Paul Cluver Village Chardonnay 7,Beverage,Ent - White Wine,Star,656514.16,1691,388.24,-4158.82,-0.63,0.223,69.1485
103,Absolut Vodka,Beverage,Ent - White Spirits,Star,645752.99,13052,49.48,-1362.14,-0.21,0.2193,69.3678
104,Apple Pie,Food,Hot Dessert,Star,643461.7,5655,113.79,-2207.67,-0.34,0.2186,69.5864
105,Grilled Halloumi Salad,Food,Salad,Star,637791.46,4983,127.99,-3699.46,-0.58,0.2166,69.803
106,Classic Toasted Chicken Mayonnai,Food,Light Meals,Star,629714.11,5473,115.06,-838.8399999999999,-0.13,0.2139,70.0169
107,Remy Martin Vsop ,Beverage,Ent - Cognac,Star,628250.53,3235,194.2,-5888.860000000001,-0.93,0.2134,70.2303
108,Mai Tai,Beverage,Ent - Cocktails,Star,625405.03,4791,130.54,-1849.3899999999999,-0.29,0.2124,70.4427
109,Ken Forrester OVR Chenin Blanc 7,Beverage,Ent - White Wine,Star,619231.8899999999,1540,402.1,-906.53,-0.15,0.2103,70.653
110,Glenfiddich 15 Year 750ml,Beverage,Ent - Whiskey,Star,612787.79,160,3829.92,-12760.960000000001,-2.04,0.2081,70.8611
111,Grilled Prawns,Food,Starter,Star,602374.1599999999,3815,157.9,-2259.79,-0.37,0.2046,71.0657
112,Bernini Blush NRB 275ml,Beverage,Ent - Cooler,Star,602342.5700000001,12733,47.31,-2745.32,-0.45,0.2046,71.2703
113,Basmati Rice,Food,Side Orders,Star,598430.58,12901,46.39,-5043.6900000000005,-0.84,0.2033,71.4736
114,Paul Cluver Village Chardonnay G,Beverage,Ent - White Wine,Star,598381.76,5843,102.41,-2235.29,-0.37,0.2032,71.6768
115,Macallan Fine Oak 12 Year,Beverage,Ent - Whiskey,Star,595602.91,4296,138.64,-12649.96,-2.08,0.2023,71.8791
116,Malva Pudding ,Food,Hot Dessert,Star,594576.8,5751,103.39,-3762.41,-0.63,0.2019,72.081
117,Pap with Tomato Gravy,Food,Side Orders,Star,587633.52,12258,47.94,-6495.650000000001,-1.09,0.1996,72.2806
118,Hennessy Ginger Mojito,Beverage,Ent - Cocktails,Star,560648.8,2814,199.24,-3306.21,-0.59,0.1904,72.471
119,Set Menu 4,Food,Banqueting - Cocktail ,Star,558490.54,1135,492.06,0.0,0.0,0.1897,72.6607
120,De Krans Moscato Red 750ml,Beverage,Ent - Red Wine,Star,557719.15,1704,327.3,-1700.93,-0.3,0.1894,72.8501
121,Whisky Sours,Beverage,Ent - Cocktails,Star,555676.85,4859,114.36,-3097.96,-0.55,0.1887,73.0388
122,Beef Short Rib,Food,Main Grill,Star,543340.96,1678,323.8,-5705.2,-1.04,0.1845,73.2233
123,La Vie Glass Sparkling 750ml,Beverage,Ent - Minerals Water,Star,543247.83,11512,47.19,-3834.56,-0.7,0.1845,73.4078
124,Appletiser Can 330ml,Beverage,Ent - Minerals Softdrinks,Star,540638.28,12225,44.22,-2262.05,-0.42,0.1836,73.5914
125,Sunset Beach,Beverage,Ent - Cocktails,Star,536298.96,4303,124.63,-1403.1100000000001,-0.26,0.1822,73.7736
126,Veg Wrap,Food,Light Meals,Star,534295.92,3665,145.78,-1732.0700000000002,-0.32,0.1815,73.9551
127,Side Salad,Food,Side Orders,Star,532011.1,10995,48.39,-2915.8900000000003,-0.55,0.1807,74.1358
128,Glenfiddich 12 Year,Beverage,Ent - Whiskey,Star,528352.74,5559,95.04,-2557.33,-0.48,0.1795,74.3153
129,Soda Water Fitch & Leeds 200ml,Beverage,Ent - Minerals Softdrinks,Star,524911.89,15692,33.45,-5668.79,-1.07,0.1783,74.4936
130,Pieter Ferreira Cap Class Extra ,Beverage,Ent - Sparkling Wine,Star,501947.93999999994,1773,283.11,-593.8199999999999,-0.12,0.1705,74.6641
131,Grapetiser Red Can 330ml,Beverage,Ent - Minerals Softdrinks,Star,501372.06999999995,11331,44.25,-3193.0299999999997,-0.63,0.1703,74.8344
132,CD25 - Moet & Chandon Nectar Imp,Beverage,Ent - Sparkling Wine,Star,500276.55,572,874.61,-112.81,-0.02,0.1699,75.0043
133,Jean Engelbrecht Stellenbosch Kw,Beverage,Ent - Red Wine,Star,497594.41,2610,190.65,-2415.92,-0.48,0.169,75.1733
134,Tropical Rush Mocktail,Beverage,Ent - Cocktails,Star,495546.25,6365,77.85,-5926.09,-1.18,0.1683,75.3416
135,Artisan Cake Du Jour,Food,Cold Dessert,Star,492808.37,4711,104.61,-6109.96,-1.22,0.1674,75.509
136,Dom Perignon Brut Luminous 750ml,Beverage,Ent - Sparkling Wine,Star,488251.11000000004,109,4479.37,-97227.86,-16.61,0.1658,75.6748
137,Floral Raspberry Mocktail,Beverage,Ent - Cocktails,Star,487577.41,5943,82.04,-2717.79,-0.55,0.1656,75.8404
138,Spinach Side,Food,Side Orders,Star,483952.63,10201,47.44,-5886.82,-1.2,0.1644,76.0048
139,Fillet Salad,Food,Hot Starter,Star,475768.11,2786,170.77,-2501.66,-0.52,0.1616,76.1664
140,Black Label NRB 330ml,Beverage,Ent - Beer,Star,474601.89,10804,43.93,-1197.8000000000002,-0.25,0.1612,76.3276
141,Cajun Chicken Burger,Food,Light Meals,Star,467784.16000000003,3473,134.69,-2498.72,-0.53,0.1589,76.4865
142,Tokara Elgin Sauvignon Blanc,Beverage,Ent - White Wine,Star,464533.45999999996,1215,382.33,-5198.92,-1.11,0.1578,76.6443
143,CD25 - Moet & Chandon Brut Imper,Beverage,Ent - Sparkling Wine,Star,461574.9199999999,586,787.67,-161.54,-0.03,0.1568,76.8011
144,Ken Forrester OVR Chenin Blanc G,Beverage,Ent - White Wine,Star,461043.64,4348,106.04,-909.4300000000001,-0.2,0.1566,76.9577
145,Mango & Mint G&T Cocktail,Beverage,Ent - Cocktails,Star,456078.65,3390,134.54,-1529.01,-0.33,0.1549,77.1126
146,Topia Still 660ml,Beverage,Ent - Minerals Water,Star,455615.22,10362,43.97,-1478.02,-0.32,0.1547,77.2673
147,Scottish Salmon,Food,Main Sea Food,Star,448514.35,1235,363.17,-2108.18,-0.47,0.1523,77.4196
148,Juice Fresh Orange,Food,Breakfast,Star,447106.72,12698,35.21,-2085.3900000000003,-0.46,0.1519,77.5715
149,Tequila El Jimador Silver,Beverage,Ent - Liqueur,Star,445750.52999999997,8453,52.73,-984.14,-0.22,0.1514,77.7229
150,Virgin Strawberry Daiquiry,Beverage,Ent - Cocktails,Star,443381.08,5702,77.76,-3455.5699999999997,-0.77,0.1506,77.8735
151,San Long Island Ice Tea,Beverage,Ent - Cocktails,Star,442345.72000000003,2765,159.98,-1806.07,-0.41,0.1502,78.0237
152,Lagavulin 16 Year Old,Beverage,Ent - Whiskey,Star,439189.01,2521,174.21,-6999.66,-1.57,0.1492,78.1729
153,Toasted Tomato and Cheese Sandwi,Food,Light Meals,Star,438416.58,4247,103.23,-319.48,-0.07,0.1489,78.3218
154,Chalmar Beef Fillet 300g,Food,Main Grill,Star,414762.64,1279,324.29,-90.38,-0.02,0.1409,78.4627
155,Prawn & Avo,Food,Light Meals,Star,399896.81,2268,176.32,-2235.88,-0.56,0.1358,78.5985
156,Hunters Dry NRB 330ml,Beverage,Ent - Cooler,Star,398920.5,9248,43.14,-1753.78,-0.44,0.1355,78.734
157,Sprite Can 300ml,Beverage,Ent - Minerals Softdrinks,Star,396406.67000000004,9984,39.7,-1601.71,-0.4,0.1346,78.8686
158,Jack Daniels,Beverage,Ent - Whiskey,Star,394198.58999999997,8261,47.72,-1145.69,-0.29,0.1339,79.0025
159,Christmas Day Lunch Menu,Food,Main Specials,Star,393644.93,526,748.37,-812.23,-0.21,0.1337,79.1362
160,La Vie Glass Sparkling 250ml,Beverage,Ent - Minerals Water,Star,380355.75,15440,24.63,-1131.97,-0.3,0.1292,79.2654
161,Virgin Mojito,Beverage,Ent - Cocktails,Star,379417.44999999995,5088,74.57,-2193.0099999999998,-0.57,0.1289,79.3943
162,Diemersdal Gruner Veltliner 750m,Beverage,Ent - White Wine,Star,379215.29000000004,881,430.44,-170.57,-0.04,0.1288,79.5231
163,Yuzu Lemonade Mocktail,Beverage,Ent - Cocktails,Star,377463.14,4614,81.81,-1945.2800000000002,-0.51,0.1282,79.6513
164,Passion Fruit Rose,Beverage,Ent - Minerals Cordial,Star,376009.98,22039,17.06,-3050.9900000000002,-0.8,0.1277,79.779
165,Mushroom Sauce,Food,Side Orders,Star,373985.69,8157,45.85,-2837.15,-0.75,0.127,79.906
166,Aubergine & Potato Curry,Food,Main Other,Star,371415.68000000005,2316,160.37,-2185.34,-0.58,0.1262,80.0322
167,Inverroche Gin Classic ,Beverage,Ent - White Spirits,Star,369545.89,6630,55.74,-3672.4799999999996,-0.98,0.1255,80.1577
168,San Wrap Sweet Chilli Chicken,Food,Light Meals,Star,367064.63,2541,144.46,-1432.9,-0.39,0.1247,80.2824
169,Devils Peak Larger 500ml,Beverage,Ent - Beer,Star,364904.7,6180,59.05,-854.74,-0.23,0.1239,80.4063
170,Cathay Breakfast,Food,Breakfast,Star,362941.91000000003,2454,147.9,0.0,0.0,0.1233,80.5296
171,Chocolate Cake,Food,Cold Dessert,Star,361529.99,3301,109.52,-3890.1,-1.06,0.1228,80.6524
172,Constantia Royale Sauvignon Blan,Beverage,Ent - White Wine,Star,358163.77999999997,2437,146.97,-686.3299999999999,-0.19,0.1216,80.774
173,Pina Colada,Beverage,Ent - Cocktails,Star,354370.73,2984,118.76,-1642.0,-0.46,0.1204,80.8944
174,Grilled sole ,Food,Main Grill,Star,350539.46,1170,299.61,-7259.26,-2.03,0.1191,81.0135
175,Julien Schaal Mountain Vineyards,Beverage,Ent - White Wine,Star,347082.31000000006,1900,182.67,-856.9000000000001,-0.25,0.1179,81.1314
176,Hot Chocolate,Food,Ent - Coffee,Star,346570.25,10180,34.04,-2235.33,-0.64,0.1177,81.2491
177,Le Riche Cabernet Sauvignon GLS,Beverage,Ent - Red Wine,Star,344841.02,2316,148.9,-1320.32,-0.38,0.1171,81.3662
178,Amarula ,Beverage,Ent - Liqueur,Star,342152.83,8347,40.99,-539.41,-0.16,0.1162,81.4824
179,Hennessy Xo ,Beverage,Ent - Cognac,Star,341534.64,913,374.08,-4751.24,-1.37,0.116,81.5984
180,Le Riche Cabernet Sauvignon,Beverage,Ent - Red Wine,Star,339539.0,609,557.54,-1487.27,-0.44,0.1153,81.7137
181,Ham & Cheese,Food,Starter,Star,336608.08,3445,97.71,-1356.1000000000001,-0.4,0.1143,81.828
182,Pink Valley Rose 750ml,Beverage,Ent - Rose Wine,Star,334778.45999999996,925,361.92,-1383.49,-0.41,0.1137,81.9417
183,Klipdrift Premium ,Beverage,Ent - Brandy,Star,331532.53,7204,46.02,-290.33,-0.09,0.1126,82.0543
184,CD25 - Veuve Clicquot Yellow Lab,Beverage,Ent - Sparkling Wine,Star,325939.64,361,902.88,-308.65,-0.09,0.1107,82.165
185,Glenlivet 12 Year,Beverage,Ent - Whiskey,Star,323043.88,3232,99.95,-2094.36,-0.64,0.1097,82.2747
186,Chef's Table,Food,Banqueting - Cocktail ,Star,321469.69999999995,323,995.26,0.0,0.0,0.1092,82.3839
187,Feta Pepper Burger,Food,Light Meals,Star,320463.44,2101,152.53,-1367.25,-0.42,0.1088,82.4927
188,Lazy Old Fashion,Beverage,Ent - Cocktails,Star,318884.11,2554,124.86,-338.43,-0.11,0.1083,82.601
189,Rib & Wing Combo,Food,Main Specials,Star,314302.49,993,316.52,-2375.08,-0.75,0.1068,82.7078
190,Moet et Chandon Ice Imperial,Beverage,Ent - Sparkling Wine,Star,312228.38,233,1340.04,-4629.6900000000005,-1.46,0.106,82.8138
191,Babylonstoren Sparkling Grape Ju,Beverage,Ent - Sparkling Wine,Star,311717.58,1506,206.98,-3606.28,-1.14,0.1059,82.9197
192,Biltong,Food,Light Meals,Star,311265.44,3839,81.08,-3571.08,-1.13,0.1057,83.0254
193,Topia Still 300ml,Beverage,Ent - Minerals Water,Star,304249.08,11958,25.44,-1176.46,-0.39,0.1033,83.1287
194,Juice Liquifruit Cranberry 330ml,Beverage,Ent - Minerals Juice / Smoothies,Star,295074.45,7634,38.65,-1602.52,-0.54,0.1002,83.2289
195,Caffe Americano,Food,Ent - Coffee,Star,294240.3,8494,34.64,-1436.74,-0.49,0.0999,83.3288
196,Roasted Spiced Butternut,Food,Side Orders,Star,292872.82999999996,6058,48.34,-2596.64,-0.88,0.0995,83.4283
197,Fram Shiraz,Beverage,Ent - Red Wine,Star,291578.68,668,436.5,-1034.46,-0.35,0.099,83.5273
198,Rupert & Rothschild Classique,Beverage,Ent - Red Wine,Star,290457.36,380,764.36,-3049.23,-1.04,0.0987,83.626
199,Icelandic Still Water 750ml,Beverage,Ent - Minerals Water,Star,289950.85,3210,90.33,-1610.91,-0.55,0.0985,83.7245
200,Glenfiddich 21 Year,Beverage,Ent - Whiskey,Star,286516.94,768,373.07,-3465.5,-1.2,0.0973,83.8218
201,Castle Lager NRB 330ml,Beverage,Ent - Beer,Star,284390.63,6477,43.91,-426.05,-0.15,0.0966,83.9184
202,Grilled Chicken Steak,Food,Main Grill,Star,280644.1,1254,223.8,-1401.09,-0.5,0.0953,84.0137
203,Bacon and Fried Egg  Sandwich,Food,Light Meals,Star,275626.36,2208,124.83,-304.59000000000003,-0.11,0.0936,84.1073
204,Fanta Orange Can 300ml,Beverage,Ent - Minerals Softdrinks,Star,274116.56,7031,38.99,-1056.29,-0.38,0.0931,84.2004
205,Stellenbosch Reserve Merlot GLS,Beverage,Ent - Red Wine,Star,271137.46,2531,107.13,-867.73,-0.32,0.0921,84.2925
206,Crispy Pork Shank ,Food,Main Grill,Star,270142.93,921,293.31,-1411.02,-0.52,0.0918,84.3843
207,Margarita Frozen,Beverage,Ent - Cocktails,Star,268106.91,2742,97.78,-2040.98,-0.76,0.0911,84.4754
208,Ginger Shot,Beverage,Ent - Shooters,Star,264370.27,16608,15.92,-8618.61,-3.16,0.0898,84.5652
209,Cheesecake,Food,Cold Dessert,Star,263612.19,2411,109.34,-2513.38,-0.94,0.0895,84.6547
210,Cape Kiwi Mojito,Beverage,Ent - Cocktails,Star,262556.97000000003,1892,138.77,-942.4000000000001,-0.36,0.0892,84.7439
211,Vilafonte Series C,Beverage,Ent - Red Wine,Star,259117.88,71,3649.55,-1335.66,-0.51,0.088,84.8319
212,Cosmopolitan ,Beverage,Ent - Cocktails,Star,258381.05,2661,97.1,-855.0500000000001,-0.33,0.0878,84.9197
213,Mullineux Syrah,Beverage,Ent - Red Wine,Star,257628.8,464,555.23,-821.25,-0.32,0.0875,85.0072
214,Juice Fresh Cranberry,Food,Breakfast,Star,256459.65,7315,35.06,-2694.33,-1.04,0.0871,85.0943
215,Boschendal Grande Reserve Brut 7,Beverage,Ent - Sparkling Wine,Star,255736.76,461,554.74,-1892.0300000000002,-0.73,0.0869,85.1812
216,Coke Can 200ml,Beverage,Ent - Minerals Softdrinks,Star,254356.16,7582,33.55,-175.35,-0.07,0.0864,85.2676
217,Marras Piekenierskloof Granache ,Beverage,Ent - Red Wine,Star,254251.28999999998,737,344.98,-413.78999999999996,-0.16,0.0864,85.354
218,Keermont Companion Merlot 750ml,Beverage,Ent - Red Wine,Star,253548.03999999998,503,504.07,-2921.08,-1.14,0.0861,85.4401
219,Hennessy XO 750ml,Beverage,Ent - Cognac,Puzzle,249371.18,45,5541.58,-6028.52,-2.36,0.0847,85.5248
220,Caffe Latte,Food,Ent - Coffee,Star,249149.52999999997,6774,36.78,-1889.42,-0.75,0.0846,85.6094
221,Johnnie Walker Blue,Beverage,Ent - Whiskey,Star,248345.97,687,361.49,-1621.74,-0.65,0.0844,85.6938
222,Aircrew Breakfast,Food,Breakfast,Star,242830.96000000002,1157,209.88,-132.66,-0.05,0.0825,85.7763
223,Aperol Spritz Cocktail,Beverage,Ent - Cocktails,Star,242454.44,2585,93.79,-740.21,-0.3,0.0823,85.8586
224,Ice Cream,Food,Hot Dessert,Star,241848.17,2701,89.54,-1250.82,-0.51,0.0821,85.9407
225,Winterhoek Sauvignon Blanc GLS,Beverage,Ent - White Wine,Star,238295.58000000002,1962,121.46,-2041.8400000000001,-0.85,0.0809,86.0216
226,Krone Night Nectar,Beverage,Ent - Sparkling Wine,Star,237929.41,482,493.63,-2953.12,-1.23,0.0808,86.1024
227,Stella Artois NRB 330ml,Beverage,Ent - Beer,Star,234979.81,4358,53.92,-1195.41,-0.51,0.0798,86.1822
228,Juice Fresh Mango,Food,Breakfast,Star,234497.08,6662,35.2,-1422.75,-0.6,0.0796,86.2618
229,Beef Cheeks 400g,Food,Main Salad,Star,233240.38,1055,221.08,-2539.56,-1.08,0.0792,86.341
230,Beyerskloof Pinotage Reserve,Beverage,Ent - Red Wine,Star,229668.17,495,463.98,-927.06,-0.4,0.078,86.419
231,Mimosa.BLH,Beverage,Ent - Cocktails,Star,229259.36,2425,94.54,-1110.26,-0.48,0.0779,86.4969
232,Cape Wagyu Flat Iron,Food,Main Grill,Star,228440.95,316,722.91,-1824.89,-0.79,0.0776,86.5745
233,Pepper Sauce,Food,Side Orders,Star,226960.76,4780,47.48,-836.8199999999999,-0.37,0.0771,86.6516
234,Krone 2019 Tulbagh Night Nectar ,Beverage,Ent - Sparkling Wine,Star,226756.8,550,412.29,-1329.57,-0.58,0.077,86.7286
235,Winterhoek Sauvignon Blanc 750ml,Beverage,Ent - White Wine,Star,225675.86,465,485.32,-429.58,-0.19,0.0767,86.8053
236,Potato & Leek Soup,Food,Soup,Star,225394.51,2007,112.3,-846.29,-0.37,0.0766,86.8819
237,Pink Valley Rose GLS,Beverage,Ent - Rose Wine,Star,224107.77000000002,2140,104.72,-824.46,-0.37,0.0761,86.958
238,Laurent Perrier Harmony Demi Sec,Beverage,Ent - Sparkling Wine,Star,222912.26,216,1032.0,-2110.2,-0.94,0.0757,87.0337
239,Grey Goose Original ,Beverage,Ent - White Spirits,Star,221346.43,3717,59.55,-591.39,-0.27,0.0752,87.1089
240,Club Sandwich Open Style,Food,Light Meals,Star,217078.46000000002,1698,127.84,-2429.91,-1.11,0.0737,87.1826
241,Krone Night Nectar Blanc de Blan,Beverage,Ent - Sparkling Wine,Star,216381.75,277,781.16,-1506.67,-0.69,0.0735,87.2561
242,CD25 - Veuve Clicquot Rich,Beverage,Ent - Sparkling Wine,Star,215799.2,229,942.35,0.0,0.0,0.0733,87.3294
243,Boschendal Grande Reserve Brut G,Beverage,Ent - Sparkling Wine,Star,214522.2,1595,134.5,-1538.72,-0.71,0.0729,87.4023
244,Fitch & Leeds Pink Tonic        ,Beverage,Ent - Minerals Softdrinks,Star,213695.13,6654,32.12,-1357.73,-0.63,0.0726,87.4749
245,Ceylon Tea,Food,Ent - Tea,Star,211584.84,6769,31.26,-205.57999999999998,-0.1,0.0719,87.5468
246,Reyneke Organic Shiraz/Cab,Beverage,Ent - Red Wine,Star,209776.55,615,341.1,-1514.8,-0.72,0.0713,87.6181
247,Ginger Beer Stoney Can 300ml,Beverage,Ent - Minerals Softdrinks,Star,207891.24,5281,39.37,-1067.22,-0.51,0.0706,87.6887
248,Remy Martin 1738 750ml,Beverage,Ent - Cognac,Puzzle,207586.7,56,3706.91,-740.03,-0.36,0.0705,87.7592
249,Ashbourne Pinotage,Beverage,Ent - Red Wine,Star,204780.91999999998,566,361.8,-662.41,-0.32,0.0696,87.8288
250,ZAR Draught 500ml,Beverage,Ent - Beer,Star,202898.53999999998,3834,52.92,-186.63,-0.09,0.0689,87.8977
251,Heineken Zero NRB 330ml,Beverage,Ent - Beer,Star,202672.33000000002,4034,50.24,-629.43,-0.31,0.0688,87.9665
252,Remy Martin Xo ,Beverage,Ent - Cognac,Star,201942.64,554,364.52,-9722.34,-4.59,0.0686,88.0351
253,Neil Ellis Sauvignon Blanc GLS,Beverage,Ent - White Wine,Star,201159.29,2005,100.33,-710.25,-0.35,0.0683,88.1034
254,Monkey Shoulder,Beverage,Ent - Whiskey,Star,198442.81,3483,56.97,-1569.4499999999998,-0.78,0.0674,88.1708
255,Soweto Masters Brew,Beverage,Ent - Beer,Star,197518.18,3725,53.03,-339.87,-0.17,0.0671,88.2379
256,Rossouw Gouws & Clarke Pinotage ,Beverage,Ent - Red Wine,Star,197141.49,481,409.86,-278.86,-0.14,0.067,88.3049
257,Ginger Ale Fitch & Leeds 200ml,Beverage,Ent - Minerals Softdrinks,Star,194376.31,5810,33.46,-488.23,-0.25,0.066,88.3709
258,Classic Club Sandwich,Food,Light Meals,Star,190873.82,1362,140.14,-540.58,-0.28,0.0648,88.4357
259,Laurent Perrier La Cuvee Brut 75,Beverage,Ent - Sparkling Wine,Star,189374.81,177,1069.91,-7544.67,-3.83,0.0643,88.5
260,Johnnie Walker Gold Reserve ,Beverage,Ent - Whiskey,Star,189358.56,1260,150.28,-548.7,-0.29,0.0643,88.5643
261,Windhoek Lager NRB 330ml,Beverage,Ent - Beer,Star,188903.09,4066,46.46,-1109.77,-0.58,0.0642,88.6285
262,Durbanville Hills Honeysuckl Che,Beverage,Ent - Sparkling Wine,Star,188176.33,542,347.19,-1252.63,-0.66,0.0639,88.6924
263,Haute Cabriere Chardonnay/Pin.No,Beverage,Ent - White Wine,Star,186978.52,576,324.62,-289.02,-0.15,0.0635,88.7559
264,David Finlayson Cabernet Franc 7,Beverage,Ent - Red Wine,Star,184234.78,311,592.39,-483.28,-0.26,0.0626,88.8185
265,Chivas Regal 12 Year,Beverage,Ent - Whiskey,Star,182606.22,2593,70.42,-519.87,-0.28,0.062,88.8805
266,De Krans Moscato Red GLS,Beverage,Ent - Red Wine,Star,181223.22,1882,96.29,-311.8,-0.17,0.0616,88.9421
267,Topia Sparkling 660ml,Beverage,Ent - Minerals Water,Star,179137.84,4012,44.65,-670.77,-0.37,0.0608,89.0029
268,"Mango, Orange & Basil",Beverage,Ent - Cocktails,Star,177289.58,1226,144.61,-529.07,-0.3,0.0602,89.0631
269,Sauteed Spinach,Food,Side Orders,Star,177084.71000000002,3458,51.21,-1356.6399999999999,-0.76,0.0601,89.1232
270,Thorne & Daughters Copper Pot GL,Beverage,Ent - Red Wine,Star,175057.35,1753,99.86,-468.11,-0.27,0.0595,89.1827
271,Momento Tinta Barocca GLS,Beverage,Ent - Red Wine,Star,174682.56,440,397.01,-288.79,-0.17,0.0593,89.242
272,Belvedere Vodka,Beverage,Ent - White Spirits,Star,174553.05,3196,54.62,-2463.2999999999997,-1.39,0.0593,89.3013
273,Neil Ellis Sauv Bl Groenekloof 7,Beverage,Ent - White Wine,Star,174238.54,522,333.79,-1883.46,-1.07,0.0592,89.3605
274,David Finlayson Cabernet Sauvign,Beverage,Ent - Red Wine,Star,170161.17,1621,104.97,-379.04,-0.22,0.0578,89.4183
275,Cream Soda Sparletta Can 300ml,Beverage,Ent - Minerals Softdrinks,Star,168513.89,4310,39.1,-983.97,-0.58,0.0572,89.4755
276,Kids Mini Burger,Food,Kiddies Menu,Star,167305.75,2423,69.05,-1948.44,-1.15,0.0568,89.5323
277,Johnnie Walker Blue 750ml,Beverage,Ent - Whiskey,Star,167299.97,74,2260.81,-2094.09,-1.24,0.0568,89.5891
278,"Cucumber, Lime & Mint",Beverage,Ent - Cocktails,Star,167159.09999999998,1150,145.36,-1093.35,-0.65,0.0568,89.6459
279,Pieter Ferreira Rose Brut,Beverage,Ent - Sparkling Wine,Star,166959.65,583,286.38,-421.91,-0.25,0.0567,89.7026
280,Sliced Biltong,Food,Starter,Star,166799.47,974,171.25,-983.7,-0.59,0.0567,89.7593
281,Rooibos Cederb Tea,Food,Ent - Tea,Star,166673.66,6372,26.16,-781.9,-0.47,0.0566,89.8159
282,Long Island High Tea,Beverage,Ent - Cocktails,Star,165681.29,1060,156.3,-337.52,-0.2,0.0563,89.8722
283,Rooibos Tea,Food,Ent - Tea,Star,165394.94,4277,38.67,-1728.5,-1.03,0.0562,89.9284
284,Simonsig Kaapse Vonkel Brut,Beverage,Ent - Sparkling Wine,Star,164597.88,376,437.76,-437.25,-0.26,0.0559,89.9843
285,Jug of Fresh Juice,Food,Breakfast,Star,163869.14,1367,119.88,-200.35,-0.12,0.0557,90.04
286,Coke Lite Can 300ml,Beverage,Ent - Minerals Softdrinks,Star,162985.25,4339,37.56,-366.76,-0.22,0.0554,90.0954
287,KWV 10 Year ,Beverage,Ent - Brandy,Star,162792.31,3170,51.35,-409.0,-0.25,0.0553,90.1507
288,Juice Fresh Apple,Food,Breakfast,Star,161951.38,4582,35.35,-872.69,-0.54,0.055,90.2057
289,Thorne & Daughters Copper Pot 75,Beverage,Ent - Red Wine,Star,160323.09,411,390.08,-646.4,-0.4,0.0545,90.2602
290,Sprite Zero Can 300ml,Beverage,Ent - Minerals Softdrinks,Star,159742.84999999998,4080,39.15,-901.75,-0.56,0.0543,90.3145
291,Ciroc Vodka,Beverage,Ent - White Spirits,Star,157018.64,2906,54.03,-825.59,-0.52,0.0533,90.3678
292,Elderflower & Basil G&T Cocktail,Beverage,Ent - Cocktails,Star,154716.71000000002,1150,134.54,-499.52,-0.32,0.0525,90.4203
293,Angus Sirloin 300g,Food,Main Grill,Star,154279.69,606,254.59,-393.25,-0.25,0.0524,90.4727
294,Macallan Fine Oak 18 Year,Beverage,Ent - Whiskey,Star,153889.59,257,598.79,-433.19,-0.28,0.0523,90.525
295,Mothers Day Lunch,Food,Main Specials,Star,152956.88999999998,247,619.26,-1848.71,-1.19,0.052,90.577
296,Icelandic Sparkling Water 750ml,Beverage,Ent - Minerals Water,Star,152726.76,1689,90.42,-973.32,-0.63,0.0519,90.6289
297,Topia Sparkling 300ml,Beverage,Ent - Minerals Water,Star,152094.13,5970,25.48,-569.01,-0.37,0.0517,90.6806
298,Tequila Jose Cuervo Gold,Beverage,Ent - Liqueur,Star,151263.76,2972,50.9,-1477.88,-0.97,0.0514,90.732
299,Valentines Day Dinner,Food,Main Specials,Star,148005.47999999998,93,1591.46,0.0,0.0,0.0503,90.7823
300,Moet & Chandon Brut Rose,Beverage,Ent - Sparkling Wine,Star,146367.49,113,1295.29,-243.67,-0.17,0.0497,90.832
301,Mint Green Tea,Food,Ent - Tea,Star,146056.59,4523,32.29,-1474.19,-1.0,0.0496,90.8816
302,Rack of Lamb,Food,Main Grill,Star,145908.13,407,358.5,-617.29,-0.42,0.0496,90.9312
303,Grapetiser Red NRB 275ml,Beverage,Ent - Minerals Softdrinks,Star,144025.03,3827,37.63,-867.8199999999999,-0.6,0.0489,90.9801
304,Wagyu Burger ,Food,Light Meals,Star,143589.68,587,244.62,-828.47,-0.57,0.0488,91.0289
305,Dainty Bess MCC Rose 750ml,Beverage,Ent - Sparkling Wine,Star,139938.72,251,557.52,-729.65,-0.52,0.0475,91.0764
306,Espresso Double,Food,Ent - Coffee,Star,139634.05,4028,34.67,-500.06000000000006,-0.36,0.0474,91.1238
307,Negroni.BLH,Beverage,Ent - Cocktails,Star,138793.03000000003,1159,119.75,-368.21000000000004,-0.26,0.0471,91.1709
308,Colmant MCC Blanc de Blancs 750m,Beverage,Ent - Sparkling Wine,Star,138055.71,275,502.02,-541.48,-0.39,0.0469,91.2178
309,Paul Cluver Village Chardonnay,Beverage,Ent - White Wine,Star,138002.47,437,315.8,-499.97,-0.36,0.0469,91.2647
310,Flat iron Wagyu Steak,Food,Main Grill,Star,137655.2,224,614.53,-1145.96,-0.83,0.0468,91.3115
311,Hendricks Gin 750ml,Beverage,Ent - White Spirits,Star,135675.0,84,1615.18,-1419.5900000000001,-1.04,0.0461,91.3576
312,Lime & Mint ,Beverage,Ent - Cocktails,Star,133118.74000000002,1680,79.24,-600.59,-0.45,0.0452,91.4028
313,White Chocolate Creme Brulee,Food,Hot Dessert,Star,132773.55,1127,117.81,-882.6099999999999,-0.66,0.0451,91.4479
314,Glenfiddich 15 YO,Beverage,Ent - Whiskey,Puzzle,132077.2,38,3475.72,-4477.71,-3.28,0.0449,91.4928
315,TonicWaterIndianSugarFreeFitch&L,Beverage,Ent - Minerals Softdrinks,Star,131123.01,4010,32.7,-1303.98,-0.98,0.0445,91.5373
316,Pineapple and Coconut Margarita,Beverage,Ent - Cocktails,Star,129847.73,869,149.42,-514.41,-0.39,0.0441,91.5814
317,Appletiser NRB 275ml,Beverage,Ent - Minerals Softdrinks,Star,128251.89,3497,36.67,-567.93,-0.44,0.0436,91.625
318,Simonsig Kaapse VonkelSatinNectR,Beverage,Ent - Rose Wine,Star,128247.2,289,443.76,-1275.64,-0.98,0.0436,91.6686
319,Fancy Margarita,Beverage,Ent - Cocktails,Star,127661.49,854,149.49,-372.27,-0.29,0.0434,91.712
320,Remy Martin 1738 ,Beverage,Ent - Cognac,Star,126797.37,455,278.68,-198.54,-0.16,0.0431,91.7551
321,Tropical Rush,Beverage,Ent - Cocktails,Star,126501.36,1864,67.87,-1577.52,-1.23,0.043,91.7981
322,Steelworks,Beverage,Ent - Minerals Softdrinks,Star,125881.45,3086,40.79,-1643.32,-1.29,0.0428,91.8409
323,Cucumber & Rosemary G&T Cocktail,Beverage,Ent - Cocktails,Star,125769.01,933,134.8,-207.12,-0.16,0.0427,91.8836
324,Kids Mac Cheese,Food,Kiddies Menu,Star,124716.72,1861,67.02,-785.61,-0.63,0.0424,91.926
325,Twinings,Food,Ent - Tea,Star,123914.33,4799,25.82,-1655.67,-1.32,0.0421,91.9681
326,Kiddies Mini Beef Burger,Food,Kiddies Menu,Star,123323.31,1638,75.29,-613.23,-0.49,0.0419,92.01
327,Aaldering Lady M Pinotage 750ml,Beverage,Ent - Red Wine,Star,122777.31,245,501.13,-1263.01,-1.02,0.0417,92.0517
328,Caramel Banana,Food,Cold Dessert,Star,122571.31999999999,1191,102.91,-692.87,-0.56,0.0416,92.0933
329,Alfredo Pasta,Food,Main Pasta,Star,122491.0,740,165.53,-19.63,-0.02,0.0416,92.1349
330,Cheese Board,Food,Cold Dessert,Star,120940.33,632,191.36,-830.27,-0.68,0.0411,92.176
331,Kiddies Bolognaise,Food,Kiddies Menu,Star,120824.57999999999,1634,73.94,-147.33,-0.12,0.041,92.217
332,Great Heart Cabernet Franc 750ml,Beverage,Ent - Red Wine,Star,120100.13,240,500.42,-253.6,-0.21,0.0408,92.2578
333,Heineken Silver Draught 30lt,Beverage,Ent - Beer,Star,120088.22,1954,61.46,-612.0600000000001,-0.51,0.0408,92.2986
334,Pieter Ferreira Cap Class Bl de ,Beverage,Ent - Sparkling Wine,Star,120001.76000000001,220,545.46,-893.4499999999999,-0.74,0.0408,92.3394
335,Set Menu 3,Food,Banqueting - Cocktail ,Star,119234.65,298,400.12,0.0,0.0,0.0405,92.3799
336,Don Julio Bianco 750ml,Beverage,Ent - Liqueur,Star,119207.57999999999,1385,86.07,-1376.27,-1.14,0.0405,92.4204
337,Lime Roses,Beverage,Ent - Minerals Cordial,Star,116221.57,6795,17.1,-317.4,-0.27,0.0395,92.4599
338,Juice Fresh Fruit Cocktail,Food,Breakfast,Star,116162.86,3305,35.15,-770.48,-0.66,0.0395,92.4994
339,Hennessy X.O Bottle,Beverage,Ent - Cognac,Puzzle,115967.7,25,4638.71,0.0,0.0,0.0394,92.5388
340,Van Loggerenberg Break a Leg Mer,Beverage,Ent - Red Wine,Star,114932.12999999999,400,287.33,-273.01,-0.24,0.039,92.5778
341,Glenlivet 18 Year,Beverage,Ent - Whiskey,Star,114660.93000000001,609,188.28,-1748.99,-1.5,0.0389,92.6167
342,Kids Chicken Strips,Food,Kiddies Menu,Star,114521.04000000001,1520,75.34,-1505.33,-1.3,0.0389,92.6556
343,Juice Liquifruit Mango& Orange 3,Beverage,Ent - Minerals Juice / Smoothies,Star,114332.87999999999,2981,38.35,-371.37,-0.32,0.0388,92.6944
344,Chicken Chowder Soup,Food,Soup,Star,113594.43,741,153.3,-482.59999999999997,-0.42,0.0386,92.733
345,Glenfiddich 18 Year 750ml,Beverage,Ent - Whiskey,Puzzle,113022.03,24,4709.25,-1971.0,-1.71,0.0384,92.7714
346,Jack Daniels Gentlemans,Beverage,Ent - Whiskey,Star,111999.89,1963,57.06,-97.11,-0.09,0.038,92.8094
347,Potato and butternut gnocchi ,Food,Main Grill,Star,110065.31,643,171.17,-510.12,-0.46,0.0374,92.8468
348,Jameson Select Reserve Bottle,Beverage,Ent - Whiskey,Puzzle,109870.6,61,1801.16,-1314.0,-1.18,0.0373,92.8841
349,Strawberry Cream Soda ,Beverage,Ent - Cocktails,Star,108238.93,1879,57.6,-170.57,-0.16,0.0368,92.9209
350,Bitter Lemon Fitch & Leeds 200ml,Beverage,Ent - Minerals Softdrinks,Star,108037.19,3241,33.33,-502.27,-0.46,0.0367,92.9576
351,Dainty Bess MCC Rose GLS,Beverage,Ent - Sparkling Wine,Star,106945.69,802,133.35,-1364.54,-1.26,0.0363,92.9939
352,Jordan Cold Fact Sauvignon Blanc,Beverage,Ent - White Wine,Star,105773.83,579,182.68,-424.61,-0.4,0.0359,93.0298
353,Kola Tonic Rose,Beverage,Ent - Minerals Cordial,Star,104555.26,6104,17.13,-565.62,-0.54,0.0355,93.0653
354,Grapefruit Rose Gin & Tonic,Beverage,Ent - Cocktails,Star,104283.62,775,134.56,-371.59,-0.36,0.0354,93.1007
355,Date Night Package ,Food,Banqueting - Cocktail ,Star,103260.89,336,307.32,-4737.98,-4.39,0.0351,93.1358
356,Fruit Platter,Food,Platters,Star,103066.85999999999,1593,64.7,-469.28999999999996,-0.45,0.035,93.1708
357,G&T - Grapefruit & Lychee,Beverage,Ent - Cocktails,Star,101871.31,756,134.75,-225.39,-0.22,0.0346,93.2054
358,Colmant Franschoek Reserve Brut,Beverage,Ent - Sparkling Wine,Star,101568.76,236,430.38,0.0,0.0,0.0345,93.2399
359,Jameson 18 Year,Beverage,Ent - Whiskey,Star,100673.51,557,180.74,-1066.72,-1.05,0.0342,93.2741
360,AW5 Delaire Graff Estate Banghoe,Beverage,Ent - White Wine,Star,99786.37,90,1108.74,0.0,0.0,0.0339,93.308
361,Tokara StellenboschDirectorsRes ,Beverage,Ent - Red Wine,Star,99094.17,80,1238.68,-1296.85,-1.29,0.0337,93.3417
362,Mixed Berry Bliss,Beverage,Ent - Cocktails,Star,98728.0,735,134.32,-444.69,-0.45,0.0335,93.3752
363,Moet & Chandon Rose,Beverage,Ent - Sparkling Wine,Star,98705.67,75,1316.08,-1270.23,-1.27,0.0335,93.4087
364,Rock Shandy ,Beverage,Ent - Minerals Softdrinks,Star,98499.99,2431,40.52,-658.26,-0.66,0.0335,93.4422
365,Glenmorangie 10 Year ,Beverage,Ent - Whiskey,Star,97749.49,1079,90.59,-1314.9,-1.33,0.0332,93.4754
366,Alto Mphs 750ml,Beverage,Ent - Red Wine,Star,97169.2,73,1331.08,-2463.75,-2.47,0.033,93.5084
367,Ginger Tea infusion,Food,Ent - Tea,Star,96871.39,821,117.99,-1678.6,-1.7,0.0329,93.5413
368,Windhoek Lager NRB 440ml ,Beverage,Ent - Beer,Star,94092.5,1671,56.31,-423.44000000000005,-0.45,0.032,93.5733
369,Baron Albert Preference Demi Sec,Beverage,Ent - Sparkling Wine,Star,93885.78,464,202.34,-413.56,-0.44,0.0319,93.6052
370,Amarula 50ml,Beverage,Ent - Liqueur,Star,93162.22,1174,79.35,0.0,0.0,0.0316,93.6368
371,Maverick Martini,Beverage,Ent - Cocktails,Star,93160.20000000001,693,134.43,-408.14,-0.44,0.0316,93.6684
372,Tokara WC Sauvignon Blanc  GLS,Beverage,Ent - White Wine,Star,92629.77,955,96.99,-388.06,-0.42,0.0315,93.6999
373,1Kg Pork Ribs,Food,Main Grill,Star,91131.66,276,330.19,0.0,0.0,0.031,93.7309
374,Chocolate Tart,Food,Cold Dessert,Star,90873.79000000001,886,102.57,-293.98,-0.32,0.0309,93.7618
375,Simonsig Cuvee Royal ,Beverage,Ent - Sparkling Wine,Star,90849.64,164,553.96,-273.0,-0.3,0.0309,93.7927
376,Whole Deboned Chicken ,Food,Main Grill,Star,90495.42,261,346.73,-1105.53,-1.21,0.0307,93.8234
377,Vanilla Milkshake,Food,Ent - Milkshakes,Star,90452.1,2284,39.6,-1532.4,-1.67,0.0307,93.8541
378,Callebaut 54% Dark Choc Fondant,Food,Hot Dessert,Star,90116.84,754,119.52,-477.86,-0.53,0.0306,93.8847
379,Savanna Lemon Non Alcoholic NRB ,Beverage,Ent - Cooler,Star,89193.15,1878,47.49,-402.5,-0.45,0.0303,93.915
380,Thai-Spiced Prawns,Food,Starter,Star,88324.52,563,156.88,-379.49,-0.43,0.03,93.945
381,Hennessy Paradise,Beverage,Ent - Cocktails,Star,87861.1,421,208.7,-454.85,-0.52,0.0298,93.9748
382,Captain Morgan Spiced Gold,Beverage,Ent - Rum,Star,87248.14,2311,37.75,-322.36,-0.37,0.0296,94.0044
383,Camomile Tea,Food,Ent - Tea,Star,87205.73000000001,2624,33.23,-426.15,-0.49,0.0296,94.034
384,Elderflower and Green Tea Gin & ,Beverage,Ent - Cocktails,Star,87196.43000000001,648,134.56,-280.22,-0.32,0.0296,94.0636
385,Hendricks Gin Bottle,Beverage,Ent - White Spirits,Puzzle,87178.83,62,1406.11,0.0,0.0,0.0296,94.0932
386,Trimmed Lamb Shank,Food,Main Grill,Star,87033.76,222,392.04,-659.48,-0.75,0.0296,94.1228
387,Johnnie Walker Green,Beverage,Ent - Whiskey,Star,86479.42,612,141.31,-839.3,-0.96,0.0294,94.1522
388,Raspberry & Chocolate Textures,Food,Cold Dessert,Star,86456.18,816,105.95,-325.57,-0.38,0.0294,94.1816
389,Sports Buffet Dinner,Food,Starter Special,Star,85789.03,165,519.93,0.0,0.0,0.0291,94.2107
390,Classic Greek Salad ,Food,Salad,Star,85604.01999999999,786,108.91,-112.81,-0.13,0.0291,94.2398
391,Lamb Cutlets,Food,Main Grill,Star,84861.2,293,289.63,-749.14,-0.88,0.0288,94.2686
392,Kids Ice Cream,Food,Kiddies Menu,Star,84499.31,2198,38.44,-600.23,-0.71,0.0287,94.2973
393,Kids Spaghetti,Food,Kiddies Menu,Star,84400.57,1507,56.01,-1068.08,-1.25,0.0287,94.326
394,Cocktail of the Day,Beverage,Ent - Cocktails,Star,84128.25,741,113.53,-36.32,-0.04,0.0286,94.3546
395,Crispy San Coated Chicken Wings,Food,Starter,Star,83583.38,537,155.65,-238.25,-0.28,0.0284,94.383
396,Amstel Lager NRB 330ml,Beverage,Ent - Beer,Star,83122.34999999999,1770,46.96,-146.96,-0.18,0.0282,94.4112
397,Pressed Oxtail,Food,Main Grill,Star,83041.9,232,357.94,-454.85,-0.54,0.0282,94.4394
398,Trizanne Signature Wines Tsw Cin,Beverage,Ent - Red Wine,Star,82490.48999999999,204,404.37,0.0,0.0,0.028,94.4674
399,Premium Gin 50ml,Beverage,Ent - White Spirits,Star,82186.36,1086,75.68,0.0,0.0,0.0279,94.4953
400,Honey Lemon Tea,Food,Ent - Tea,Star,81978.97,3211,25.53,-1084.59,-1.31,0.0278,94.5231
401,Ciroc Mango,Beverage,Ent - White Spirits,Star,81868.33,1494,54.8,-528.31,-0.64,0.0278,94.5509
402,CD25 - Moet & Chandon ICE,Beverage,Ent - Sparkling Wine,Star,81662.92,112,729.13,-299.62,-0.37,0.0277,94.5786
403,Vodka 50ml,Beverage,Ent - White Spirits,Star,81287.5,965,84.24,0.0,0.0,0.0276,94.6062
404,Pork Belly,Food,Main Grill,Star,81161.15000000001,369,219.95,-486.43,-0.6,0.0276,94.6338
405,Amaretto Di Sarrono ,Beverage,Ent - Liqueur,Star,81035.70999999999,1581,51.26,-211.18,-0.26,0.0275,94.6613
406,Captain Morgan Black Label,Beverage,Ent - Rum,Star,80668.04,2110,38.23,-76.17,-0.09,0.0274,94.6887
407,Buffet Dinner,Food,Main Buffet,Star,80635.91,145,556.11,0.0,0.0,0.0274,94.7161
408,Spicy Passion,Beverage,Ent - Cocktails,Star,80608.84,735,109.67,-198.54,-0.25,0.0274,94.7435
409,Strawberry Milkshake,Food,Ent - Milkshakes,Star,80360.43,1954,41.13,-1006.4799999999999,-1.24,0.0273,94.7708
410,Sex on the Beach,Beverage,Ent - Cocktails,Star,79538.28,894,88.97,-231.26000000000002,-0.29,0.027,94.7978
411,Spier Merlot Can 250ml,Beverage,Ent - Red Wine,Star,79301.82,665,119.25,-61.59,-0.08,0.0269,94.8247
412,Groot Constantia Merlot,Beverage,Ent - Red Wine,Star,79256.48,134,591.47,-79.87,-0.1,0.0269,94.8516
413,Juice Fresh Orange,Beverage,Ent - Minerals Juice / Smoothies,Star,78273.37,2320,33.74,-89.21,-0.11,0.0266,94.8782
414,Peach and Tarage Gin & Tonic,Beverage,Ent - Cocktails,Star,78125.91,581,134.47,-335.04,-0.43,0.0265,94.9047
415,Lindt Lindor Balls,Food,Mini Bar Food,Star,77504.33,1187,65.29,0.0,0.0,0.0263,94.931
416,Meerlust Cabernet Sauvigon 750ml,Beverage,Ent - Red Wine,Star,77404.15,80,967.55,-2514.29,-3.15,0.0263,94.9573
417,Cashew Nuts,Food,Mini Bar Food,Star,77269.69,1404,55.04,0.0,0.0,0.0262,94.9835
418,Chocolate Milkshake,Food,Ent - Milkshakes,Star,77051.74,1973,39.05,-894.81,-1.15,0.0262,95.0097
419,Strongbow Berries NRB 330ml,Beverage,Ent - Cooler,Star,75817.7,1772,42.79,-372.63,-0.49,0.0258,95.0355
420,Cape Wagyu Sirloin 300g,Food,Main Grill,Star,74176.19,159,466.52,-392.4,-0.53,0.0252,95.0607
421,Springbok,Beverage,Ent - Shooters,Star,73870.97,1466,50.39,-379.94,-0.51,0.0251,95.0858
422,Don Pedro,Beverage,Ent - Alcohol Coffee,Star,73396.23,1316,55.77,-696.75,-0.94,0.0249,95.1107
423,Fried Goat & Kale,Food,Main Grill,Star,73276.25,202,362.75,-527.95,-0.72,0.0249,95.1356
424,Pringles,Food,Mini Bar Food,Star,73131.85,1598,45.76,0.0,0.0,0.0248,95.1604
425,Tuna Mayo,Food,Light Meals,Star,73075.9,607,120.39,-10.83,-0.01,0.0248,95.1852
426,Johnnie Walker Platinum,Beverage,Ent - Whiskey,Star,72836.74,521,139.8,-4387.82,-5.68,0.0247,95.2099
427,Lobster Bisque,Food,Starter,Star,72728.45,417,174.41,-868.18,-1.18,0.0247,95.2346
428,Dry Snacks,Food,Light Meals,Star,72638.88,767,94.71,-235.77,-0.32,0.0247,95.2593
429,Cederberg MCC Brut 750ml,Beverage,Ent - Sparkling Wine,Star,72094.0,105,686.61,-198.54,-0.27,0.0245,95.2838
430,Espresso Martini,Beverage,Ent - Alcohol Coffee,Star,71800.7,801,89.64,-243.66,-0.34,0.0244,95.3082
431,Pieter Ferreira Cap Classique Ro,Beverage,Ent - Sparkling Wine,Star,71430.7,129,553.73,0.0,0.0,0.0243,95.3325
432,Peppermint Tea,Food,Ent - Tea,Star,70226.79999999999,2256,31.13,-1187.6599999999999,-1.66,0.0239,95.3564
433,Newton Johnsons Albarino 750ml,Beverage,Ent - Red Wine,Star,70023.74,181,386.87,-75.81,-0.11,0.0238,95.3802
434,Saurwein Chi Riesling 750ml,Beverage,Ent - White Wine,Star,69929.43,173,404.22,-463.42,-0.66,0.0238,95.404
435,Roasted Tomato Soup,Food,Starter,Star,69833.31,549,127.2,-162.45,-0.23,0.0237,95.4277
436,Lipton Ice Tea Peach 300ml,Beverage,Ent - Minerals Softdrinks,Star,69590.73,1962,35.47,-209.19,-0.3,0.0236,95.4513
437,Classic Negroni ,Beverage,Ent - Cocktails,Star,68796.6,614,112.05,-242.54,-0.35,0.0234,95.4747
438,Ashbourne Pinotage Cinsault GLS,Beverage,Ent - Red Wine,Star,68459.3,722,94.82,-128.6,-0.19,0.0233,95.498
439,Talisker 10 Year,Beverage,Ent - Whiskey,Star,68217.89,678,100.62,-2522.41,-3.57,0.0232,95.5212
440,Diemersdal Gruner Veltliner GLS,Beverage,Ent - White Wine,Star,67972.28,630,107.89,-140.01,-0.21,0.0231,95.5443
441,Sports Buffet Lunch,Food,Starter Special,Star,67847.88,162,418.81,0.0,0.0,0.023,95.5673
442,Krone Borealis Cuvee Brut 750ml,Beverage,Ent - Sparkling Wine,Star,66746.18,693,96.31,-145.97,-0.22,0.0227,95.59
443,Heineken Blade 500ml,Beverage,Ent - Beer,Star,66268.19,1145,57.88,-175.44,-0.26,0.0225,95.6125
444,Kir Royale,Beverage,Ent - Cocktails,Star,65984.27,494,133.57,-54.15,-0.08,0.0224,95.6349
445,Tobblerone,Food,Mini Bar Food,Star,65740.6,950,69.2,0.0,0.0,0.0223,95.6572
446,Sriracha Chicken Mayonaise,Food,Starter,Star,65368.33,687,95.15,-381.3,-0.58,0.0222,95.6794
447,Taaibosch Red 750ml,Beverage,Ent - Red Wine,Star,65325.47,102,640.45,-1647.01,-2.46,0.0222,95.7016
448,Krone Borealis Night Nec.BLH,Beverage,Ent - Sparkling Wine,Star,65293.65,143,456.6,-320.6,-0.49,0.0222,95.7238
449,Ken Frorrester Sparklehorse Nect,Beverage,Ent - Sparkling Wine,Star,65070.96,269,241.9,-114.61,-0.18,0.0221,95.7459
450,Espresso Single,Food,Ent - Coffee,Star,64225.71,2184,29.41,-145.84,-0.23,0.0218,95.7677
451,Kleine Zalze Cape Nectar 750ml,Beverage,Ent - Red Wine,Star,63608.51,116,548.35,-421.91,-0.66,0.0216,95.7893
452,Ken Forrester MCC Sparklehorse 7,Beverage,Ent - Sparkling Wine,Star,63497.96,97,654.62,-243.67,-0.38,0.0216,95.8109
453,Savanna Lite NRB 330ml,Beverage,Ent - Cooler,Star,63154.840000000004,1358,46.51,-182.48000000000002,-0.29,0.0215,95.8324
454,Laphroaig 10 Year Islay ,Beverage,Ent - Whiskey,Star,63017.84,477,132.11,-866.37,-1.36,0.0214,95.8538
455,Pork Rib-Eye 400g,Food,Main Salad,Star,62983.55,317,198.69,-370.01,-0.58,0.0214,95.8752
456,Virgin Pina Colada,Beverage,Ent - Cocktails,Star,62497.35,840,74.4,-517.79,-0.82,0.0212,95.8964
457,Beef Fillet & Blue Cheese Pasta,Food,Main Pasta,Star,62046.33,268,231.52,-445.37,-0.71,0.0211,95.9175
458,Oats,Food,Breakfast Extra,Star,61863.99,740,83.6,-51.03,-0.08,0.021,95.9385
459,Glenmorangie 18 Year ,Beverage,Ent - Whiskey,Star,61661.43,329,187.42,0.0,0.0,0.0209,95.9594
460,Glenfiddich 21 Year 750ml,Beverage,Ent - Whiskey,Puzzle,61079.33,20,3053.97,0.0,0.0,0.0207,95.9801
461,Bayab Classic Dry GLS,Beverage,Ent - White Spirits,Star,60826.41,1467,41.46,-257.43,-0.42,0.0207,96.0008
462,Hamilton Russel Swartland Pinota,Beverage,Ent - Red Wine,Star,60433.16,643,93.99,-154.32,-0.25,0.0205,96.0213
463,Mango Orange Basil Vodka Martini,Beverage,Ent - Cocktails,Star,60409.25,403,149.9,-101.53,-0.17,0.0205,96.0418
464,Lipton Ice Tea Lemon 300ml,Beverage,Ent - Minerals Softdrinks,Star,60159.899999999994,1678,35.85,-93.67,-0.16,0.0204,96.0622
465,Beef Ragout Pasta,Food,Main Pasta,Star,59939.51,309,193.98,-246.37,-0.41,0.0204,96.0826
466,Spioenkop Elgin Riesling 750ml,Beverage,Ent - White Wine,Star,59076.740000000005,367,160.97,-89.34,-0.15,0.0201,96.1027
467,Paul Cluver Pinot Noir,Beverage,Ent - Red Wine,Puzzle,58514.06,59,991.76,-584.35,-0.99,0.0199,96.1226
468,Ken Forr Chen GLS,Beverage,Ent - White Wine,Star,58395.61,693,84.26,-102.66,-0.18,0.0198,96.1424
469,Grilled Calamari Salad,Food,Salad,Star,58277.83,357,163.24,-513.73,-0.87,0.0198,96.1622
470,Cheese & Tomato,Food,Starter,Star,58277.16,588,99.11,0.0,0.0,0.0198,96.182
471,Inverroche Gin Verdant,Beverage,Ent - White Spirits,Star,57757.56,1012,57.07,-43.1,-0.07,0.0196,96.2016
472,Hansa Pilsner NRB 330ml,Beverage,Ent - Beer,Star,57541.369999999995,1348,42.69,-20.130000000000003,-0.03,0.0195,96.2211
473,Sundowner,Beverage,Ent - Cocktails,Star,57512.31,384,149.77,-155.68,-0.27,0.0195,96.2406
474,AW3 Saronsberg Die Erf Shiraz Vi,Beverage,Ent - Red Wine,Puzzle,56855.76,38,1496.2,0.0,0.0,0.0193,96.2599
475,Groot Constantia Merlot 750ml,Beverage,Ent - Red Wine,Star,56440.62,96,587.92,0.0,0.0,0.0192,96.2791
476,Kids Roast Chicken,Food,Kiddies Menu,Star,55745.72,840,66.36,-333.91999999999996,-0.6,0.0189,96.298
477,Pongracz,Beverage,Ent - Sparkling Wine,Star,55680.75,92,605.23,-164.25,-0.29,0.0189,96.3169
478,Southern Right Pinotage ,Beverage,Ent - Red Wine,Star,55173.32,88,626.97,-80.55,-0.15,0.0187,96.3356
479,Strongbow Apple,Beverage,Ent - Cooler,Star,55028.07,1286,42.79,-75.09,-0.14,0.0187,96.3543
480,Chilli Biltong Sticks,Food,Starter,Star,54862.200000000004,342,160.42,-486.43,-0.88,0.0186,96.3729
481,Ken Forrester Chenin Blanc Old V,Beverage,Ent - White Wine,Star,54683.96,182,300.46,-82.58,-0.15,0.0186,96.3915
482,Hennessy VS 750ml,Beverage,Ent - Cognac,Puzzle,54473.23,32,1702.29,-379.04,-0.69,0.0185,96.41
483,Plum tomato bruschetta,Food,Light Meals,Star,54319.36,375,144.85,-117.77,-0.22,0.0184,96.4284
484,Landskroon Paul de Villiers Merl,Beverage,Ent - Red Wine,Star,54209.94,110,492.82,-290.37,-0.53,0.0184,96.4468
485,Classic Martini,Beverage,Ent - Cocktails,Star,53997.81,552,97.82,-35.02,-0.06,0.0183,96.4651
486,Creme Brulee ,Food,Cold Dessert,Star,53790.07,455,118.22,-308.65,-0.57,0.0183,96.4834
487,Graham Beck Rose Vintage Brut,Beverage,Ent - Sparkling Wine,Star,53130.36,106,501.23,-476.51,-0.89,0.018,96.5014
488,ChateaDeStCosmChateauneufduPapeR,Beverage,Ent - Red Wine,Star,53116.82,460,115.47,-16.24,-0.03,0.018,96.5194
489,Colmant Cap Classic Brut Reserve,Beverage,Ent - Sparkling Wine,Star,53070.79,394,134.7,-170.57,-0.32,0.018,96.5374
490,Irish Coffee,Beverage,Ent - Alcohol Coffee,Star,52300.979999999996,620,84.36,-398.89,-0.76,0.0178,96.5552
491,Chai Latte,Food,Ent - Coffee,Star,51343.82,1287,39.89,-609.71,-1.17,0.0174,96.5726
492,Glenlivit 15 YO Bottle,Beverage,Ent - Whiskey,Puzzle,50376.01,14,3598.29,0.0,0.0,0.0171,96.5897
493,Newton Johnsons Albarino GLS,Beverage,Ent - Red Wine,Star,50254.18,477,105.35,-23.46,-0.05,0.0171,96.6068
494,Spier Sauvignon Blanc Can SPI125,Beverage,Ent - White Wine,Star,50016.6,439,113.93,-61.59,-0.12,0.017,96.6238
495,Kids Cottage Pie,Food,Kiddies Menu,Star,49969.89,761,65.66,-203.06,-0.4,0.017,96.6408
496,Sorbet,Food,Hot Dessert,Star,49894.990000000005,558,89.42,-300.52,-0.6,0.0169,96.6577
497,Brewed Ice Tea 1lt,Beverage,Ent - Minerals Softdrinks,Star,49545.74,495,100.09,0.0,0.0,0.0168,96.6745
498,Bloody Mary,Beverage,Ent - Cocktails,Star,48810.67,576,84.74,-130.41,-0.27,0.0166,96.6911
499,CD23 - Veuve Clicquot Yellow Lab,Beverage,Prop - Sparkling Wine,Puzzle,48778.63,42,1161.4,0.0,0.0,0.0166,96.7077
500,Courvoisier Vsop ,Beverage,Ent - Cognac,Star,48756.07,242,201.47,-483.73,-0.98,0.0166,96.7243
501,Caribbean Sun,Beverage,Ent - Cocktails,Star,48636.04,361,134.73,-97.47,-0.2,0.0165,96.7408
502,Bains Cape Whisky,Beverage,Ent - Whiskey,Star,48542.72,1032,47.04,-35.56,-0.07,0.0165,96.7573
503,Mushroom Risotto,Food,Main Other,Star,48388.31,216,224.02,-142.14,-0.29,0.0164,96.7737
504,Gold Bar X 750ml,Beverage,Ent - Whiskey,Puzzle,48011.53,14,3429.4,-2526.92,-5.0,0.0163,96.79
505,Bacardi,Beverage,Ent - Rum,Star,47807.75,1221,39.15,-81.94,-0.17,0.0162,96.8062
506,CD23 - Moet & Chandon Nectar Imp,Beverage,Prop - Sparkling Wine,Puzzle,47533.22,42,1131.74,-207.57,-0.43,0.0161,96.8223
507,Alheit Cartology Chenin,Beverage,Ent - White Wine,Star,47221.869999999995,71,665.1,0.0,0.0,0.016,96.8383
508,Craven Pinot Gris 750ml,Beverage,Ent - White Wine,Star,46811.24,116,403.55,0.0,0.0,0.0159,96.8542
509,Bos Ice Tea Peach 330ML,Beverage,Ent - Minerals Softdrinks,Star,46671.94,1079,43.25,-161.86,-0.35,0.0159,96.8701
510,Sir Fruit Orange 500ml,Beverage,Ent - Minerals Juice / Smoothies,Star,46356.17,1406,32.97,-122.96,-0.26,0.0157,96.8858
511,Le Rich Cab R,Beverage,Ent - Port,Puzzle,45971.95,32,1436.62,0.0,0.0,0.0156,96.9014
512,"Elderflower, Lime & Green Tea",Beverage,Ent - Cocktails,Star,45421.44,335,135.59,-81.22,-0.18,0.0154,96.9168
513,Bayab African Rose GLS,Beverage,Ent - White Spirits,Star,45058.64,1089,41.38,-64.98,-0.14,0.0153,96.9321
514,Glen Elly Lady May 750ml,Beverage,Ent - Red Wine,Puzzle,44979.22,29,1551.01,-866.38,-1.89,0.0153,96.9474
515,De Krans Cape Vinatage Port,Beverage,Ent - Port,Star,44103.83,83,531.37,0.0,0.0,0.015,96.9624
516,Kids Breakfast 1-18years,Food,Breakfast,Star,43745.770000000004,433,101.03,-601.72,-1.36,0.0149,96.9773
517,Ham and Cheese Sandwich,Food,Light Meals,Star,43445.020000000004,420,103.44,0.0,0.0,0.0148,96.9921
518,Turkish Delight,Beverage,Ent - Cocktails,Star,43403.28,322,134.79,-91.38,-0.21,0.0147,97.0068
519,Soweto Toilet,Beverage,Ent - Shooters,Star,43359.28,868,49.95,-230.13,-0.53,0.0147,97.0215
520,Jordan Cobblers Hill,Beverage,Ent - Red Wine,Puzzle,43307.85,51,849.17,-155.23,-0.36,0.0147,97.0362
521,Oban 14 Year,Beverage,Ent - Whiskey,Star,42540.2,243,175.06,-1181.8700000000001,-2.7,0.0144,97.0506
522,Tanqueray 10 Bottle,Beverage,Ent - White Spirits,Puzzle,42471.25,29,1464.53,-1320.32,-3.02,0.0144,97.065
523,Johnnie Walker Platinum Label Bo,Beverage,Ent - Whiskey,Puzzle,42199.61,11,3836.33,0.0,0.0,0.0143,97.0793
524,Hennessy Vs ,Beverage,Ent - Cognac,Star,41951.88,366,114.62,-464.32000000000005,-1.09,0.0142,97.0935
525,Premium Brandy 50ml,Beverage,Ent - Brandy,Star,41728.520000000004,471,88.6,0.0,0.0,0.0142,97.1077
526,Juice Fresh Mango ,Beverage,Ent - Minerals Juice / S,Star,41534.08,1257,33.04,-242.26999999999998,-0.58,0.0141,97.1218
527,Earl Grey Tea,Food,Ent - Tea,Star,41458.14,1064,38.96,-409.36,-0.98,0.0141,97.1359
528,Kanonkop Black Label Pinotage 75,Beverage,Ent - Red Wine,Puzzle,41062.49,11,3732.95,0.0,0.0,0.0139,97.1498
529,Graham Beck Blanc De Blancs Brut,Beverage,Ent - Sparkling Wine,Star,40958.71,68,602.33,-523.43,-1.26,0.0139,97.1637
530,Manhatten,Beverage,Ent - Cocktails,Star,40719.56,256,159.06,-144.4,-0.35,0.0138,97.1775
531,Juice Fresh Apple,Beverage,Ent - Minerals Juice / Smoothies,Star,40312.67,1188,33.93,-102.74000000000001,-0.25,0.0137,97.1912
532,Premium Whiskey 50ml,Beverage,Ent - Whiskey,Star,40165.43,458,87.7,0.0,0.0,0.0136,97.2048
533,CD23 - Moet & Chandon Brut Imper,Beverage,Prop - Sparkling Wine,Puzzle,40030.97,38,1053.45,0.0,0.0,0.0136,97.2184
534,Durbanville Hills Honeysuckle GL,Beverage,Ent - Sparkling Wine,Star,39800.39,446,89.24,-12.18,-0.03,0.0135,97.2319
535,Genevieve MCC Rose 750ml,Beverage,Ent - Sparkling Wine,Star,39756.17,78,509.69,-74.45,-0.19,0.0135,97.2454
536,Chalmar Rib eye Fillet,Food,Main Grill,Star,39680.58,119,333.45,-226.75,-0.57,0.0135,97.2589
537,Dry Martini,Beverage,Ent - Cocktails,Star,39475.54,405,97.47,-49.14,-0.12,0.0134,97.2723
538,Vesper Martini,Beverage,Ent - Cocktails,Star,39369.45,247,159.39,-50.54,-0.13,0.0134,97.2857
539,Christmas Day Lunch - JSK,Food,Kiddies Menu,Puzzle,39257.55,52,754.95,0.0,0.0,0.0133,97.299
540,Southern Comfort,Beverage,Ent - Liqueur,Star,39250.78,1003,39.13,-36.55,-0.09,0.0133,97.3123
541,Reyneke Biodynamic Sauvignon Bla,Beverage,Ent - White Wine,Star,39179.03,79,495.94,0.0,0.0,0.0133,97.3256
542,San Wrap Fried,Food,Light Meals,Star,38048.24,225,169.1,-153.42,-0.4,0.0129,97.3385
543,Reyneke Biodynamic Sauv Bl REY10,Beverage,Ent - White Wine,Star,37279.96,79,471.9,-2409.87,-6.07,0.0127,97.3512
544,De Krans Cape Vintage Reserve GL,Beverage,Ent - Port,Star,37055.29,281,131.87,-63.4,-0.17,0.0126,97.3638
545,Radford Dale Thirst ClairetteBla,Beverage,Ent - White Wine,Star,37031.369999999995,120,308.59,-182.07,-0.49,0.0126,97.3764
546,Holden Manz Rose 750ml,Beverage,Ent - Rose Wine,Star,36307.37,112,324.17,-53.25,-0.15,0.0123,97.3887
547,CD23 - Veuve Clicquot Rich,Beverage,Prop - Sparkling Wine,Puzzle,36257.73,26,1394.53,-251.79,-0.69,0.0123,97.401
548,Cheese Sauce,Food,Side Orders,Star,35988.34,796,45.21,-187.26,-0.52,0.0122,97.4132
549,Keylime Tart,Food,Cold Dessert,Star,35971.42,341,105.49,-204.18,-0.56,0.0122,97.4254
550,Krone 2016 Kaaimansgat Chardonna,Beverage,Ent - Sparkling Wine,Star,35801.08,80,447.51,-406.11,-1.12,0.0122,97.4376
551,Cap Classique Day 2022 - Krone,Beverage,Ent - Sparkling Wine,Star,34941.02,79,442.29,-52.34,-0.15,0.0119,97.4495
552,Mirari Pink Gin,Beverage,Ent - White Spirits,Star,34895.9,661,52.79,-53.25,-0.15,0.0119,97.4614
553,Juice Fresh Cranberry,Beverage,Ent - Minerals Juice / Smoothies,Star,34771.41,1046,33.24,-122.69999999999999,-0.35,0.0118,97.4732
554,Steamed Veg,Food,Side Orders,Star,34690.59,638,54.37,-402.05,-1.15,0.0118,97.485
555,Remy Martin X.O Bottle,Beverage,Ent - Cognac,Puzzle,34429.32,7,4918.47,0.0,0.0,0.0117,97.4967
556,Deck-Cheese Board ,Food,Cold Dessert,Star,34388.71,231,148.87,-162.45,-0.47,0.0117,97.5084
557,Keermont Merlot,Beverage,Ent - Red Wine,Star,33883.33,74,457.88,0.0,0.0,0.0115,97.5199
558,Bayab Orange & Marula GLS,Beverage,Ent - White Spirits,Star,33759.68,811,41.63,-110.1,-0.33,0.0115,97.5314
559,Health Bowl Chicken,Food,Salad,Star,33617.55,233,144.28,-143.94,-0.43,0.0114,97.5428
560,Haute Cabriere Chardonnay Pinot ,Beverage,Ent - White Wine,Star,33547.61,375,89.46,-24.37,-0.07,0.0114,97.5542
561,Sundried Tomato & Pesto Pasta,Food,Main Pasta,Star,33473.6,181,184.94,-66.78,-0.2,0.0114,97.5656
562,Marras Granache GLS,Beverage,Ent - Red Wine,Star,33470.22,315,106.25,-52.120000000000005,-0.16,0.0114,97.577
563,Raka Cab Sauvignon,Beverage,Ent - Red Wine,Puzzle,33436.6,35,955.33,0.0,0.0,0.0114,97.5884
564,Alice Cafe,Beverage,Ent - Cocktails,Star,33423.75,353,94.68,-98.60000000000001,-0.29,0.0114,97.5998
565,Raats Jasper Red 750ml,Beverage,Ent - Red Wine,Puzzle,33407.72,53,630.33,-114.61,-0.34,0.0113,97.6111
566,Glenfiddich 18 YO Bottle,Beverage,Ent - Whiskey,Puzzle,33355.38,7,4765.05,0.0,0.0,0.0113,97.6224
567,Bos Ice Tea Lemon 330ML,Beverage,Ent - Minerals Softdrinks,Star,33220.91,768,43.26,-37.9,-0.11,0.0113,97.6337
568,Reyneke Cornerstone,Beverage,Ent - Red Wine,Puzzle,33172.18,38,872.95,-562.24,-1.67,0.0113,97.645
569,Remy Martin V.S.O.P Bottle,Beverage,Ent - Cognac,Puzzle,33165.86,14,2368.99,0.0,0.0,0.0113,97.6563
570,Caffe Mocha,Food,Ent - Coffee,Star,32560.76,824,39.52,-269.39,-0.82,0.0111,97.6674
571,Jameson 18 YO Bottle,Beverage,Ent - Whiskey,Puzzle,32344.61,7,4620.66,0.0,0.0,0.011,97.6784
572,Courvoisier X.o. ,Beverage,Ent - Cognac,Star,32044.99,71,451.34,0.0,0.0,0.0109,97.6893
573,Jordan Timepiece Chardonnay 750m,Beverage,Ent - White Wine,Puzzle,31839.23,32,994.98,0.0,0.0,0.0108,97.7001
574,Bacon &  Egg Sandwich,Food,Risk Catering Menu,Star,31812.15,254,125.24,0.0,0.0,0.0108,97.7109
575,Holden Manz 2019 Franschoek Roth,Beverage,Ent - Rose Wine,Star,31778.08,371,85.66,-11.51,-0.04,0.0108,97.7217
576,2 x Lamb Curry & Neil Ellis Spec,Food,Main Buffet,Puzzle,31420.03,35,897.72,-80.77,-0.26,0.0107,97.7324
577,Absolut Vodka 750ml,Beverage,Ent - White Spirits,Puzzle,30974.66,26,1191.33,0.0,0.0,0.0105,97.7429
578,Woodford Reserve ,Beverage,Ent - Whiskey,Star,30954.45,545,56.8,-20.22,-0.07,0.0105,97.7534
579,Ashbourne Swartland Pinotage Cin,Beverage,Ent - Red Wine,Star,30524.32,320,95.39,-51.44,-0.17,0.0104,97.7638
580,Caprice Classic Brut Non Alcohol,Beverage,Ent - Sparkling Wine,Star,30416.93,167,182.14,-434.09,-1.41,0.0103,97.7741
581,AW3 Nederburg PB R163 Cab Sauv 2,Beverage,Ent - Red Wine,Puzzle,30323.07,22,1378.32,0.0,0.0,0.0103,97.7844
582,The R&R,Beverage,Ent - Cocktails,Star,30307.73,277,109.41,-168.76,-0.55,0.0103,97.7947
583,Kids Line Fish,Food,Kiddies Menu,Star,30097.46,443,67.94,-189.52,-0.63,0.0102,97.8049
584,AW3 Kanonkop CWG Paul Sauer 2013,Beverage,Ent - Red Wine,Puzzle,30052.33,8,3756.54,0.0,0.0,0.0102,97.8151
585,CD25 - Veuve Clicquot Rose,Beverage,Ent - Sparkling Wine,Puzzle,29962.089999999997,47,637.49,0.0,0.0,0.0102,97.8253
586,Luddite Shiraz 750ml,Beverage,Ent - Red Wine,Puzzle,29962.08,22,1361.91,-2707.42,-8.29,0.0102,97.8355
587,Barons de Rothschild Champ Bl de,Beverage,Ent - Sparkling Wine,Puzzle,29926.440000000002,20,1496.32,-134.92,-0.45,0.0102,97.8457
588,Saurwein Chi Riesling GLS,Beverage,Ent - White Wine,Star,29853.79,274,108.96,0.0,0.0,0.0101,97.8558
589,AW3 Ataraxia Under The Gavel Cha,Beverage,Ent - White Wine,Puzzle,29849.27,19,1571.01,0.0,0.0,0.0101,97.8659
590,Reyneke Sauvignon Blanc ,Beverage,Ent - White Wine,Star,29775.95,239,124.59,-118.45,-0.4,0.0101,97.876
591,L'Ormarins Optima ,Beverage,Ent - Red Wine,Puzzle,29717.52,41,724.82,-537.87,-1.78,0.0101,97.8861
592,R250 special,Food,Main Specials,Star,29623.66,119,248.94,-157.93,-0.53,0.0101,97.8962
593,Chivas Regal 18 Year ,Beverage,Ent - Whiskey,Star,29575.82,258,114.63,0.0,0.0,0.01,97.9062
594,Armand De Brignac Demi Sec 750ml,Beverage,Ent - Sparkling Wine,Puzzle,29574.02,39,758.31,-1606.4,-5.15,0.01,97.9162
595,Pink Valley Rose,Beverage,Ent - Rose Wine,Star,29565.0,114,259.34,0.0,0.0,0.01,97.9262
596,Beeslaar Pinotage 750ml,Beverage,Ent - Red Wine,Puzzle,29470.24,24,1227.93,0.0,0.0,0.01,97.9362
597,CD23 - 2 Veuve Clicquot Rich,Beverage,Prop - Sparkling Wine,Puzzle,29330.35,13,2256.18,0.0,0.0,0.01,97.9462
598,Macallan Cherry Oak 12 Year,Beverage,Ent - Whiskey,Puzzle,28879.12,5,5775.82,0.0,0.0,0.0098,97.956
599,Pineapple Coconut Wine Cooler,Beverage,Ent - Cocktails,Star,28862.420000000002,214,134.87,-12.18,-0.04,0.0098,97.9658
600,Caiparinha,Beverage,Ent - Cocktails,Star,28845.5,304,94.89,-47.15,-0.16,0.0098,97.9756
601,Edgebaston David Finlay GS Cab S,Beverage,Ent - Red Wine,Puzzle,28788.870000000003,29,992.72,0.0,0.0,0.0098,97.9854
602,Taaibosch Crescendo Red 750ml,Beverage,Ent - Red Wine,Puzzle,28759.54,34,845.87,-74.45,-0.26,0.0098,97.9952
603,Masau,Beverage,Ent - White Spirits,Star,28706.74,211,136.05,0.0,0.0,0.0098,98.005
604,Grand Coupe,Beverage,Ent - Cocktails,Star,28617.4,177,161.68,0.0,0.0,0.0097,98.0147
605,Alheit Vineyards Here After Here,Beverage,Ent - White Wine,Puzzle,28567.77,42,680.18,0.0,0.0,0.0097,98.0244
606,Glenmorangie Signet,Beverage,Ent - Whiskey,Star,28449.54,84,338.68,-1494.49,-4.99,0.0097,98.0341
607,AW5 Etienne Le Riche Cab Sauvign,Beverage,Ent - Red Wine,Puzzle,28427.88,14,2030.56,0.0,0.0,0.0097,98.0438
608,Villeria Nectar Gold 750ml,Beverage,Ent - Sparkling Wine,Puzzle,28309.66,45,629.1,-343.84,-1.2,0.0096,98.0534
609,Courvoisier VSOP ,Beverage,Ent - Cognac,Star,28285.29,171,165.41,0.0,0.0,0.0096,98.063
610,Johnnie Walker Black 750ml,Beverage,Ent - Whiskey,Puzzle,28157.14,12,2346.43,0.0,0.0,0.0096,98.0726
611,Holden Manz Franschhoek Res Syra,Beverage,Ent - Red Wine,Puzzle,28121.050000000003,30,937.37,-171.47,-0.61,0.0096,98.0822
612,Cap Classique Day 2022 - Simonsi,Beverage,Ent - Sparkling Wine,Star,28030.79,67,418.37,0.0,0.0,0.0095,98.0917
613,AW3 Graham Ultra Methode Cap Cla,Beverage,Ent - White Wine,Star,27836.76,180,154.65,0.0,0.0,0.0095,98.1012
614,CD23 - 2 Moet & Chandon Brut Imp,Beverage,Prop - Sparkling Wine,Puzzle,27615.66,15,1841.04,0.0,0.0,0.0094,98.1106
615,Chefs Table Wines,Beverage,Prop - Sparkling Wine,Puzzle,27615.66,32,862.99,0.0,0.0,0.0094,98.12
616,Graham Beck Brut ,Beverage,Ent - Sparkling Wine,Puzzle,27320.32,61,447.87,-56.18,-0.21,0.0093,98.1293
617,Green Mamba ,Beverage,Ent - Cocktails,Star,27217.67,202,134.74,-73.1,-0.27,0.0092,98.1385
618,Seared Loin of Tuna,Food,Starter,Star,27182.47,181,150.18,-27.07,-0.1,0.0092,98.1477
619,Ice Cream,Food,Side Orders,Star,27166.22,626,43.4,-52.34,-0.19,0.0092,98.1569
620,Vodka Martini,Beverage,Ent - Cocktails,Star,26913.76,430,62.59,-81.9,-0.3,0.0091,98.166
621,CD23 - 6 Veuve Clicquot Yellow L,Beverage,Prop - Sparkling Wine,Puzzle,26803.43,5,5360.69,0.0,0.0,0.0091,98.1751
622,Flat White,Food,Ent - Coffee,Star,25926.230000000003,780,33.24,-310.45,-1.18,0.0088,98.1839
623,Chicken & Mayo,Food,Main Poultry,Star,25711.44,234,109.88,0.0,0.0,0.0087,98.1926
624,Jordan Estate AssyrtikoÂ 750ml,Beverage,Ent - White Wine,Puzzle,25269.23,33,765.73,-721.98,-2.78,0.0086,98.2098
625,AW Cederberg Teen die Hoog Shira,Beverage,Ent - Red Wine,Puzzle,25269.23,13,1943.79,0.0,0.0,0.0086,98.2012
626,Cederberg Five Gen Chenin Blanc ,Beverage,Ent - White Wine,Puzzle,25237.64,42,600.9,0.0,0.0,0.0086,98.2184
627,Stellenzicht Silcrete Cinsault 7,Beverage,Ent - Red Wine,Star,25177.63,217,116.03,-28.43,-0.11,0.0086,98.227
628,Thorne & Daughters Copper Pot,Beverage,Ent - Red Wine,Star,25165.44,77,326.82,-148.91,-0.59,0.0085,98.2355
629,ZAR Lager 340ml,Beverage,Ent - Beer,Star,25141.08,617,40.75,0.0,0.0,0.0085,98.244
630,Myburg Bros Little J Dry Red 750,Beverage,Ent - Red Wine,Star,25043.61,63,397.52,0.0,0.0,0.0085,98.2525
631,Buitenverwachting Cabernet Franc,Beverage,Ent - Red Wine,Puzzle,25007.51,25,1000.3,-1073.94,-4.12,0.0085,98.261
632,The Beautiful Red Bell,Beverage,Ent - Cocktails,Star,24837.850000000002,209,118.84,-178.69,-0.71,0.0084,98.2694
633,AW3 Luddite The Broken Ankle 201,Beverage,Ent - Red Wine,Puzzle,24817.99,23,1079.04,0.0,0.0,0.0084,98.2778
634,Bells Special Reserve 1,Beverage,Ent - Whiskey,Star,24772.510000000002,459,53.97,-31.95,-0.13,0.0084,98.2862
635,Lemon Meringue Parfait,Food,Hot Dessert,Star,24759.1,219,113.06,-311.58,-1.24,0.0084,98.2946
636,Tea Breakfast ,Food,Ent - Tea,Star,24729.19,624,39.63,-32.849999999999994,-0.13,0.0084,98.303
637,Virgin Mango Daiquiri,Beverage,Ent - Cocktails,Star,24661.86,317,77.8,-129.05,-0.52,0.0084,98.3114
638,Iced Coffee,Food,Ent - Coffee,Star,24501.22,744,32.93,-51.44,-0.21,0.0083,98.3197
639,Coke Light  Can 200ml,Beverage,Ent - Minerals Softdrinks,Star,24421.99,825,29.6,-6.14,-0.03,0.0083,98.328
640,AW5 DeMorgenzon Roussanne 2017,Beverage,Ent - White Wine,Puzzle,24411.879999999997,26,938.92,0.0,0.0,0.0083,98.3363
641,Laurent Perrier Ultra Brut ,Beverage,Ent - Sparkling Wine,Puzzle,24366.75,20,1218.34,-2436.6800000000003,-9.09,0.0083,98.3446
642,Brogoluce Prosecco GLS,Beverage,Ent - Sparkling Wine,Star,24301.78,135,180.01,-64.98,-0.27,0.0083,98.3529
643,Inveroche Classic Gin Bottle,Beverage,Ent - Whiskey,Puzzle,24181.39,18,1343.41,-178.15,-0.73,0.0082,98.3611
644,Juice Fresh Fruit Cocktail ,Beverage,Ent - Minerals Juice / Smoothies,Star,23969.039999999997,722,33.2,-121.56,-0.5,0.0081,98.3692
645,Tanqueray,Beverage,Ent - White Spirits,Star,23824.370000000003,505,47.18,0.0,0.0,0.0081,98.3773
646,San Breakfast,Food,Breakfast Extra,Star,23803.16,6537,3.64,-268.49,-1.12,0.0081,98.3854
647,Bosman Nero,Beverage,Ent - Red Wine,Puzzle,23735.03,48,494.48,-126.35,-0.53,0.0081,98.3935
648,Raspberry & Mango Panacotta,Food,Cold Dessert,Star,23695.54,190,124.71,-107.16999999999999,-0.45,0.008,98.4015
649,Bayab Classic Dry 750ml,Beverage,Ent - White Spirits,Puzzle,23677.26,20,1183.86,-202.15,-0.85,0.008,98.4095
650,Glenmorangie Lasanta ,Beverage,Ent - Whiskey,Star,23610.48,246,95.98,-178.69,-0.75,0.008,98.4175
651,Red Bull Sugar Free 200ml,Beverage,Ent - Minerals Softdrink,Star,23561.160000000003,484,48.68,-186.49,-0.79,0.008,98.4255
652,Violent Martini,Beverage,Ent - Cocktails,Star,23497.68,285,82.45,-174.18,-0.74,0.008,98.4335
653,Kanonkop Paul Sauer 750ml,Beverage,Ent - Red Wine,Puzzle,23035.61,21,1096.93,-564.05,-2.39,0.0078,98.4413
654,Graham Beck Pinot Noir Rose Vint,Beverage,Ent - Sparkling Wine,Puzzle,22995.9,56,410.64,-224.72,-0.97,0.0078,98.4491
655,Sticky Toffee Pudding,Food,Cold Dessert,Star,22945.36,184,124.7,-67.67999999999999,-0.29,0.0078,98.4569
656,Armand De Brignac Rose,Beverage,Ent - Sparkling Wine,Puzzle,22742.3,3,7580.77,-5685.58,-20.0,0.0077,98.4723
657,AW2 Ataraxia Under The Gavel Cha,Beverage,Ent - White Wine,Puzzle,22742.3,14,1624.45,0.0,0.0,0.0077,98.4646
658,Haute Cabriere Char/Pin .WTF,Beverage,Ent - White Wine,Star,22528.42,246,91.58,-24.37,-0.11,0.0077,98.48
659,Corona Cero 355ml,Beverage,Ent - Beer,Star,22422.74,358,62.63,-177.88,-0.79,0.0076,98.4876
660,Campari,Beverage,Ent - Aperitif,Star,22379.29,380,58.89,-7.45,-0.03,0.0076,98.4952
661,William Ferve Chablis,Beverage,Ent - White Wine,Puzzle,22304.61,33,675.9,0.0,0.0,0.0076,98.5028
662,Reyneke Organic Chenin Blanc,Beverage,Ent - White Wine,Star,22260.38,73,304.94,-576.68,-2.53,0.0076,98.5104
663,Pol Roger Pure ExtraBrut N/V Cha,Beverage,Ent - Sparkling Wine,Puzzle,22172.17,23,964.01,-1138.69,-4.88,0.0075,98.5179
664,Neill Ellis Whitehall,Beverage,Prop - White Wine,Puzzle,22065.45,11,2005.95,-721.98,-3.17,0.0075,98.5254
665,Warm Chicken Liver Parfait,Food,Starter,Star,22033.64,163,135.18,-18.28,-0.08,0.0075,98.5329
666,Krone Blanc De Blanc Nectar Demi,Beverage,Ent - Sparkling Wine,Star,21966.18,80,274.58,0.0,0.0,0.0075,98.5404
667,Gin Martini ,Beverage,Ent - Cocktails,Star,21853.370000000003,225,97.13,0.0,0.0,0.0074,98.5478
668,Bayab Orange & Marula 750ml,Beverage,Ent - White Spirits,Puzzle,21731.53,18,1207.31,0.0,0.0,0.0074,98.5552
669,Reyneke Organic Shiraz/Cab GLS,Beverage,Ent - Red Wine,Star,21670.17,241,89.92,-16.24,-0.07,0.0074,98.5626
670,Chef's Table with Wine,Food,Banqueting - Cocktail ,Puzzle,21659.34,14,1547.1,0.0,0.0,0.0074,98.57
671,Cederberg Sauvignon Blanc,Beverage,Ent - White Wine,Puzzle,21555.55,49,439.91,-180.49,-0.83,0.0073,98.5773
672,Ken Forrester Savigon Reserve 75,Beverage,Ent - White Wine,Puzzle,21523.96,48,448.42,0.0,0.0,0.0073,98.5846
673,Ghost Corner Pinot Noir ,Beverage,Ent - Red Wine,Puzzle,21371.45,36,593.65,-107.39,-0.5,0.0073,98.5919
674,Tanqueray No 10 750ml,Beverage,Ent - White Spirits,Puzzle,21251.42,12,1770.95,0.0,0.0,0.0072,98.5991
675,Veuve Cliquot Extra Brut Extra O,Beverage,Ent - Sparkling Wine,Puzzle,21117.85,6,3519.64,0.0,0.0,0.0072,98.6063
676,Jug Of Fresh Juice,Beverage,Ent - Minerals Softdrink,Star,21068.22,176,119.71,0.0,0.0,0.0072,98.6135
677,Dom Perignon Rose,Beverage,Ent - Sparkling Wine,Puzzle,21009.56,5,4201.91,-5252.39,-20.0,0.0071,98.6206
678,Tomato C.tail Halls 200ml,Beverage,Ent - Minerals Juice / Smoothies,Star,20724.91,513,40.4,-7.58,-0.04,0.007,98.6276
679,Malfy Italian Gin,Beverage,Ent - White Spirits,Star,20699.11,343,60.35,-21.66,-0.1,0.007,98.6346
680,Machiatto,Food,Ent - Coffee,Star,20475.47,620,33.02,-17.869999999999997,-0.09,0.007,98.6416
681,Campari Cocktail.BLH,Beverage,Ent - Cocktails,Star,20359.78,170,119.76,0.0,0.0,0.0069,98.6485
682,Fathers Month Promo,Food,Light Meals,Puzzle,20305.63,27,752.06,0.0,0.0,0.0069,98.6554
683,Thors Hammer,Food,Main Grill,Puzzle,20069.59,34,590.28,-243.26,-1.2,0.0068,98.6622
684,Christmas Day Lunch Kiddies Menu,Food,Main Specials,Star,19881.46,68,292.37,0.0,0.0,0.0068,98.669
685,Swartberg Wingerde Holism Garnac,Beverage,Ent - Red Wine,Puzzle,19809.27,43,460.68,0.0,0.0,0.0067,98.6757
686,AW4 Hartenberg Estate CWG Auctio,Beverage,Ent - Red Wine,Puzzle,19637.8,14,1402.7,0.0,0.0,0.0067,98.6824
687,Fusion Tea,Food,Ent - Tea,Star,19554.23,775,25.23,-72.74,-0.37,0.0066,98.689
688,4 Fresh Oysters,Food,Hot Starter,Star,19533.11,140,139.52,-50.54,-0.26,0.0066,98.6956
689,Johnnie Walker Blue Label Bottle,Beverage,Ent - Whiskey,Puzzle,19493.4,3,6497.8,0.0,0.0,0.0066,98.7022
690,Klipdrift Gold ,Beverage,Ent - Brandy,Star,19379.69,446,43.45,0.0,0.0,0.0066,98.7088
691,Autograph Gin ,Beverage,Ent - White Spirits,Star,19368.86,341,56.8,-109.2,-0.56,0.0066,98.7154
692,Glenmorangie Quinta Ruban,Beverage,Ent - Whiskey,Star,19194.5,191,100.49,-71.48,-0.37,0.0065,98.7219
693,Brogoluce Prosecco 750ml,Beverage,Ent - Sparkling Wine,Puzzle,18951.92,27,701.92,0.0,0.0,0.0064,98.7283
694,Spier Sauvignon Blanc Can 250ml,Beverage,Ent - White Wine,Star,18937.71,180,105.21,-14.21,-0.07,0.0064,98.7347
695,Cederberg Chenin Blanc ,Beverage,Ent - White Wine,Puzzle,18915.82,52,363.77,0.0,0.0,0.0064,98.7411
696,Ciroc Mango Vodka Bottle,Beverage,Ent - White Spirits,Puzzle,18878.64,14,1348.47,-174.36,-0.92,0.0064,98.7475
697,Glenelly Le Rose de May 750ml,Beverage,Ent - Rose Wine,Star,18757.89,65,288.58,0.0,0.0,0.0064,98.7539
698,Restless River Le Luc Pinot Noir,Beverage,Ent - Red Wine,Puzzle,18699.23,22,849.96,0.0,0.0,0.0064,98.7603
699,CD23 - 2 Veuve Clicquot Yellow L,Beverage,Prop - Sparkling Wine,Puzzle,18500.68,9,2055.63,0.0,0.0,0.0063,98.7666
700,Omelette Classico,Food,Breakfast Extra,Star,18456.91,3136,5.89,-67.23,-0.36,0.0063,98.7729
701,Malfy Italian Rosa Gin,Beverage,Ent - White Spirits,Star,18316.58,302,60.65,-129.96,-0.7,0.0062,98.7791
702,Pan-Seared Duck,Food,Main Specials,Star,18315.68,67,273.37,-49.64,-0.27,0.0062,98.7853
703,Damascene WO Swartland Syrah 750,Beverage,Ent - Red Wine,Puzzle,18212.8,28,650.46,-129.96,-0.71,0.0062,98.7915
704,Rall Red 750ml,Beverage,Ent - Red Wine,Puzzle,18184.82,28,649.46,0.0,0.0,0.0062,98.7977
705,Malibu ,Beverage,Ent - White Spirits,Star,18010.65,470,38.32,-43.32,-0.24,0.0061,98.8038
706,Mirabelle Vineyards Rose 750ml,Beverage,Ent - Rose Wine,Star,17997.11,70,257.1,-70.39,-0.39,0.0061,98.8099
707,Samp with Tomato Gravy,Food,Side Orders,Star,17793.37,399,44.59,-91.38,-0.51,0.006,98.8159
708,Vusa African Vodka GLS,Beverage,Ent - White Spirits,Star,17793.14,403,44.15,-8.12,-0.05,0.006,98.8219
709,La Motte Cabernet Sauv 750ml,Beverage,Ent - Red Wine,Puzzle,17688.46,25,707.54,0.0,0.0,0.006,98.8279
710,Lagavulin 16 YO Bottle,Beverage,Ent - Whiskey,Puzzle,17517.89,7,2502.56,-707.54,-3.88,0.0059,98.8338
711,Johnny Walker Blonde 750ml,Beverage,Ent - Whiskey,Star,17423.14,262,66.5,0.0,0.0,0.0059,98.8397
712,Lallier Serie R Brut R 015 750ml,Beverage,Ent - Sparkling Wine,Puzzle,17304.91,13,1331.15,0.0,0.0,0.0059,98.8456
713,Kahlua,Beverage,Ent - Liqueur,Star,17284.15,394,43.87,-79.42,-0.46,0.0059,98.8515
714,Toast 2 Slices,Food,Breakfast Extra,Star,17188.49,860,19.99,-12.64,-0.07,0.0058,98.8573
715,Alheit Vineyards Hemelrand Vine ,Beverage,Ent - White Wine,Puzzle,17153.74,28,612.63,-940.83,-5.2,0.0058,98.8631
716,Haute Cabriere Unwooded Pinot No,Beverage,Ent - Red Wine,Star,16968.280000000002,122,139.08,-16.24,-0.1,0.0058,98.8689
717,Kids Ban Split,Food,Kiddies Menu,Star,16731.47,393,42.57,-159.19,-0.94,0.0057,98.8746
718,Bernaise Suace,Food,Side Orders,Star,16704.09,316,52.86,-95.44,-0.57,0.0057,98.886
719,Health Bowl Halloumi,Food,Salad,Star,16704.09,116,144.0,-45.8,-0.27,0.0057,98.8803
720,CD23 - 2 Moet & Chandon Nectar I,Beverage,Prop - Sparkling Wine,Puzzle,16650.62,8,2081.33,0.0,0.0,0.0057,98.8917
721,Le Riche Cabernet Sauvignon 750m,Beverage,Ent - Red Wine,Puzzle,16623.54,28,593.7,-162.45,-0.97,0.0056,98.8973
722,Mullineux Syrah GLS,Beverage,Ent - Red Wine,Star,16614.52,116,143.23,0.0,0.0,0.0056,98.9029
723,De Morgenzon Chenin Blanc Brut M,Beverage,Ent - Sparkling Wine,Puzzle,16528.78,32,516.52,0.0,0.0,0.0056,98.9085
724,Swartberg Wingerde Holism Palomi,Beverage,Ent - White Wine,Puzzle,16220.14,38,426.85,-37.9,-0.23,0.0055,98.914
725,Reyneke Biodynamic Syrah 750ml,Beverage,Ent - Red Wine,Puzzle,16212.01,33,491.27,0.0,0.0,0.0055,98.9195
726,Raats Family Red Jasper,Beverage,Ent - Red Wine,Puzzle,16188.1,26,622.62,-169.21,-1.03,0.0055,98.925
727,Mirari Blue Gin,Beverage,Ent - White Spirits,Star,16087.93,305,52.75,-4.96,-0.03,0.0055,98.9305
728,Nederburg Sauvignon Blanc ,Beverage,Ent - White Wine,Puzzle,15838.39,49,323.23,0.0,0.0,0.0054,98.9359
729,Glenfiddich 30 Year,Beverage,Ent - Whiskey,Puzzle,15703.02,26,603.96,0.0,0.0,0.0053,98.9412
730,Valdo DOC Extra Dry Prosecco 750,Beverage,Ent - Sparkling Wine,Puzzle,15580.28,38,410.01,-149.81,-0.95,0.0053,98.9465
731,Ned Paarl Pvt BinTwoCentur Cab S,Beverage,Ent - Red Wine,Puzzle,15486.43,15,1032.43,-397.08,-2.5,0.0053,98.9518
732,David Finlayson GS Cabernet Sauv,Beverage,Ent - Red Wine,Puzzle,15311.35,31,493.91,0.0,0.0,0.0052,98.957
733,Bayab African Rose 750ml,Beverage,Ent - White Spirits,Puzzle,15287.89,13,1175.99,0.0,0.0,0.0052,98.9622
734,AW4 Ettienne le Riche Cabernet S,Beverage,Ent - Red Wine,Puzzle,15161.54,7,2165.93,0.0,0.0,0.0051,98.9673
735,Glenfiddich 21 YO Bottle,Beverage,Ent - Whiskey,Puzzle,15161.54,2,7580.77,0.0,0.0,0.0051,98.9724
736,Express Breakfast,Food,Breakfast Extra,Star,15051.43,4867,3.09,-153.42,-1.01,0.0051,98.9775
737,Graham Beck Brut GLS,Beverage,Ent - Sparkling Wine,Star,15003.6,158,94.96,0.0,0.0,0.0051,98.9826
738,Glass Of Milk,Food,Ent - Milkshakes,Plowhorse,14900.18,875,17.03,-8.66,-0.06,0.0051,98.9877
739,Mirari Amber Gin,Beverage,Ent - White Spirits,Plowhorse,14837.73,286,51.88,-329.22,-2.17,0.005,98.9927
740,Genevieve MCC Rose GLS,Beverage,Ent - Sparkling Wine,Plowhorse,14687.74,140,104.91,0.0,0.0,0.005,98.9977
741,Durbanville Hills Pinotage,Beverage,Ent - Red Wine,Dog,14597.49,59,247.42,-67.69,-0.46,0.005,99.0027
742,Bombay Sapphire Gin,Beverage,Ent - White Spirits,Plowhorse,14595.689999999999,297,49.14,-61.370000000000005,-0.42,0.005,99.0077
743,Kranskop Tannat 750ml,Beverage,Ent - Red Wine,Dog,14562.07,37,393.57,-53.47,-0.37,0.0049,99.0126
744,Nederburg Sauv Blanc GLS.HAT,Beverage,Ent - White Wine,Plowhorse,14490.55,171,84.74,-7.67,-0.05,0.0049,99.0175
745,Gimlet,Beverage,Ent - Cocktails,Plowhorse,14439.56,90,160.44,0.0,0.0,0.0049,99.0224
746,Phillipponat Clos des Goisses,Beverage,Ent - Sparkling Wine,Dog,14429.18,30,480.97,-312.71,-2.12,0.0049,99.0273
747,AW6 Edgebaston Cab Sauvignon Res,Beverage,Ent - Red Wine,Dog,14421.51,15,961.43,0.0,0.0,0.0049,99.0322
748,De Grendel Ceres Op die Berg Cha,Beverage,Ent - White Wine,Dog,14412.48,20,720.62,-252.69,-1.72,0.0049,99.0371
749,Amelia Brut Rose 750ml,Beverage,Ent - Sparkling Wine,Dog,14394.44,26,553.63,0.0,0.0,0.0049,99.042
750,Baileys Cream,Beverage,Ent - Liqueur,Plowhorse,14371.34,287,50.07,-19.49,-0.14,0.0049,99.0469
751,Flying Fish Lemon Flavoured Beer,Beverage,Ent - Beer,Plowhorse,14337.76,306,46.86,-144.22,-1.0,0.0049,99.0518
752,Hendricks Lunar Gin,Beverage,Ent - White Spirits,Plowhorse,14225.67,259,54.93,-19.85,-0.14,0.0048,99.0566
753,Laurent Perrier Blanc de Blanc 7,Beverage,Ent - Sparkling Wine,Dog,14060.52,8,1757.56,-1371.76,-8.89,0.0048,99.0614
754,AW4 Delaire Graff Est. Banghoek ,Beverage,Ent - White Wine,Dog,14033.449999999999,13,1079.5,0.0,0.0,0.0048,99.0662
755,Nederburg Chenin Blanc,Beverage,Ent - White Wine,Dog,13965.76,56,249.39,-22.56,-0.16,0.0047,99.0709
756,Vegan Coconut Panacotta,Food,Hot Dessert,Plowhorse,13944.109999999999,125,111.55,-39.71,-0.28,0.0047,99.0756
757,Demorgenzon Chenin Blanc Reserve,Beverage,Ent - White Wine,Dog,13907.1,19,731.95,0.0,0.0,0.0047,99.0803
758,Duval Leroy Blanc de Blanc Grand,Beverage,Ent - Sparkling Wine,Dog,13893.570000000002,8,1736.7,0.0,0.0,0.0047,99.085
759,AW6 Raats Family Wines Chenin Bl,Beverage,Ent - White Wine,Dog,13889.05,17,817.0,0.0,0.0,0.0047,99.0897
760,Minuty Rose Prestige,Beverage,Ent - Rose Wine,Dog,13848.44,28,494.59,0.0,0.0,0.0047,99.0944
761,Tequila Patron Xo Cafe,Beverage,Ent - Liqueur,Plowhorse,13771.73,256,53.8,-36.1,-0.26,0.0047,99.0991
762,Johnnie Walker Blue King Gorge V,Beverage,Ent - Whiskey,Dog,13717.58,18,762.09,0.0,0.0,0.0047,99.1038
763,Neil Ellis Cabernet Sauv Magnum ,Beverage,Ent - Red Wine,Plowhorse,13647.64,119,114.69,-51.89,-0.38,0.0046,99.1084
764,Krone Night Nectar Rose,Beverage,Ent - Sparkling Wine,Dog,13645.38,30,454.85,0.0,0.0,0.0046,99.113
765,KWV 20 Year ,Beverage,Ent - Brandy,Plowhorse,13643.58,81,168.44,0.0,0.0,0.0046,99.1176
766,Miso Soup,Food,Breakfast,Plowhorse,13583.11,94,144.5,-26.17,-0.19,0.0046,99.1222
767,AW6 Nederburg PB R163 Cab Sauv 2,Beverage,Ent - Red Wine,Dog,13573.19,14,969.51,0.0,0.0,0.0046,99.1268
768,Open Steak Sandwich ,Food,Light Meals,Plowhorse,13564.16,153,88.65,-162.45,-1.18,0.0046,99.1314
769,Ruby & Rose Choc Sable Breton Ta,Food,Cold Dessert,Plowhorse,13538.89,105,128.94,-70.39,-0.52,0.0046,99.136
770,AW4 Newton Johnson Family Vineya,Beverage,Ent - Red Wine,Dog,13537.09,9,1504.12,0.0,0.0,0.0046,99.1406
771,CD23 - 6 Moet & Chandon Nectar I,Beverage,Prop - Sparkling Wine,Dog,13401.72,3,4467.24,0.0,0.0,0.0046,99.1452
772,Billecart Salmon Rose.BLH,Beverage,Ent - Rose Wine,Dog,13289.58,11,1208.14,-2900.77,-17.92,0.0045,99.1497
773,Coconut Cherry Cheese Cake,Food,Hot Dessert,Plowhorse,13153.54,106,124.09,-45.12,-0.34,0.0045,99.1542
774,Chicken Caesar Salad,Food,Salad,Plowhorse,13118.79,125,104.95,-66.33,-0.5,0.0045,99.1587
775,Cake 12 inch,Food,Dessert Special,Dog,13085.85,15,872.39,-180.49,-1.36,0.0044,99.1631
776,Iona Nebbiolo,Beverage,Ent - Red Wine,Dog,12982.07,22,590.09,0.0,0.0,0.0044,99.1675
777,Old Fashioned,Beverage,Ent - Cocktails,Plowhorse,12964.02,153,84.73,0.0,0.0,0.0044,99.1719
778,Boschendal Nicolas 750ml,Beverage,Ent - Red Wine,Dog,12905.36,10,1290.54,0.0,0.0,0.0044,99.1763
779,Jack Daniels Single Barrel Bottl,Beverage,Ent - Whiskey,Dog,12887.31,7,1841.04,0.0,0.0,0.0044,99.1807
780,Jack Daniels Single Barrel ,Beverage,Ent - Whiskey,Plowhorse,12818.710000000001,198,64.74,0.0,0.0,0.0044,99.1851
781,Demorgenzon Stellenbosch Chenin ,Beverage,Ent - Sparkling Wine,Dog,12756.45,31,411.5,0.0,0.0,0.0043,99.1894
782,Floral Mixed Berry Wine Cooler ,Beverage,Ent - Cocktails,Plowhorse,12725.54,95,133.95,-67.01,-0.52,0.0043,99.1937
783,Glenmorangie Necta D'or ,Beverage,Ent - Whiskey,Plowhorse,12668.01,112,113.11,0.0,0.0,0.0043,99.198
784,Mullineux Granite Syrah,Beverage,Ent - Red Wine,Dog,12634.62,6,2105.77,-902.48,-6.67,0.0043,99.2023
785,Newton Johnson Upper Hemel en Aa,Beverage,Ent - White Wine,Dog,12579.11,42,299.5,-82.58,-0.65,0.0043,99.2066
786,Jordan Sophia 750ml,Beverage,Ent - Red Wine,Dog,12562.42,5,2512.48,-523.43,-4.0,0.0043,99.2109
787,KWV 10yr Brandy ,Beverage,Ent - Brandy,Plowhorse,12499.24,263,47.53,0.0,0.0,0.0042,99.2151
788,AW3 Bartho Eksteen Vloekskoop Sa,Beverage,Ent - White Wine,Dog,12494.73,12,1041.23,0.0,0.0,0.0042,99.2193
789,Grey Goose Original 750ml,Beverage,Ent - White Spirits,Dog,12483.0,9,1387.0,0.0,0.0,0.0042,99.2235
790,Passion Fruit Pavlova,Food,Cold Dessert,Plowhorse,12482.32,100,124.82,-39.48,-0.32,0.0042,99.2277
791,Nederburg Noble Late Harvest GLS,Beverage,Ent - White Wine,Plowhorse,12349.43,163,75.76,-18.95,-0.15,0.0042,99.2319
792,AW Cape Point Vineyards Reser Wh,Beverage,Ent - White Wine,Dog,12329.58,13,948.43,-178.69,-1.43,0.0042,99.2361
793,Buitenverwachting Meifort,Beverage,Ent - Red Wine,Dog,12318.75,32,384.96,0.0,0.0,0.0042,99.2403
794,Vilafonte Series C 750ml,Beverage,Ent - Red Wine,Dog,12183.38,3,4061.13,0.0,0.0,0.0041,99.2444
795,Martini Rosso,Beverage,Ent - Aperitif,Plowhorse,12077.78,320,37.74,0.0,0.0,0.0041,99.2485
796,Karoo Cheese & Biltong,Food,Side Orders,Plowhorse,12058.380000000001,268,44.99,-12.18,-0.1,0.0041,99.2526
797,French Bramble,Beverage,Ent - Cocktails,Plowhorse,12043.27,90,133.81,-140.11,-1.15,0.0041,99.2567
798,Cap Classique Day,Beverage,Ent - Sparkling Wine,Dog,12002.88,34,353.03,0.0,0.0,0.0041,99.2608
799,Deluxe Whiskey 50ml,Beverage,Ent - Whiskey,Plowhorse,11912.640000000001,100,119.13,0.0,0.0,0.004,99.2648
800,Restless River Wanderlust Red Bl,Beverage,Ent - Red Wine,Dog,11811.69,20,590.58,-81.09,-0.68,0.004,99.2688
801,Kids Full Breakfast,Food,Breakfast,Plowhorse,11797.57,113,104.4,-47.379999999999995,-0.4,0.004,99.2728
802,Ciroc Mango Vodka 750ml,Beverage,Ent - White Spirits,Dog,11724.92,7,1674.99,0.0,0.0,0.004,99.2768
803,AW2 De Grendel Op Die Berg Pinot,Beverage,Ent - Red Wine,Dog,11687.02,13,899.0,0.0,0.0,0.004,99.2808
804,Amarett & W Sou ,Beverage,Ent - Cocktails,Plowhorse,11641.89,195,59.7,-54.15,-0.46,0.004,99.2848
805,Rhubarb & Orange Sponge Pudding,Food,Cold Dessert,Plowhorse,11544.43,97,119.01,-151.62,-1.3,0.0039,99.2887
806,Genevieve Blanc de Blanc 750ml,Beverage,Ent - Sparkling Wine,Dog,11520.06,21,548.57,-49.64,-0.43,0.0039,99.2926
807,Neil Ellis Whitehall Chardonnay ,Beverage,Ent - White Wine,Dog,11506.52,15,767.1,0.0,0.0,0.0039,99.2965
808,Meerlust Chardonnay 750ml,Beverage,Ent - White Wine,Dog,11461.4,18,636.74,0.0,0.0,0.0039,99.3004
809,Marras The Trickster Cinsault 75,Beverage,Ent - Red Wine,Dog,11371.15,32,355.35,0.0,0.0,0.0039,99.3043
810,Ciroc Vodka 750ml,Beverage,Ent - White Spirits,Dog,11320.609999999999,5,2264.12,0.0,0.0,0.0038,99.3081
811,Geographica Thoreau Cabernet Fra,Beverage,Ent - Red Wine,Dog,11276.39,19,593.49,0.0,0.0,0.0038,99.3119
812,Autograph Gin Bottle,Beverage,Ent - White Spirits,Dog,11118.46,7,1588.35,0.0,0.0,0.0038,99.3157
813,ZAR Lite Draught,Beverage,Ent - Beer,Plowhorse,11067.92,211,52.45,0.0,0.0,0.0038,99.3195
814,Corkage,Beverage,Ent - Corkage,Dog,11055.29,18,614.18,0.0,0.0,0.0038,99.3233
815,Jack Daniels Honey,Beverage,Ent - Whiskey,Plowhorse,10884.36,234,46.51,-56.31,-0.51,0.0037,99.327
816,Wixworth Bottle,Beverage,Ent - White Spirits,Dog,10865.77,8,1358.22,0.0,0.0,0.0037,99.3307
817,Chickpea & Paneer Curry,Food,Hot Starter,Dog,10852.23,59,183.94,0.0,0.0,0.0037,99.3344
818,KWV Cognac XO,Beverage,Ent - Cognac,Dog,10789.060000000001,61,176.87,0.0,0.0,0.0037,99.3381
819,Holden Manz Rothko Rose 750ml,Beverage,Ent - Rose Wine,Plowhorse,10739.42,126,85.23,0.0,0.0,0.0036,99.3453
820,AW Groot Constantia Chardonnay,Beverage,Ent - White Wine,Dog,10739.42,15,715.96,0.0,0.0,0.0036,99.3417
821,Duval Leroy Blanc de Blancs Gran,Beverage,Ent - Sparkling Wine,Dog,10734.91,4,2683.73,-500.87,-4.46,0.0036,99.3489
822,Mothers Day Kids Lunch,Food,Main Specials,Dog,10694.29,38,281.43,0.0,0.0,0.0036,99.3525
823,Balvenie 12 Year.BLH,Beverage,Ent - Whiskey,Plowhorse,10640.15,87,122.3,0.0,0.0,0.0036,99.3561
824,Belvedere Vodka Btl,Beverage,Ent - White Spirits,Dog,10569.76,7,1509.97,0.0,0.0,0.0036,99.3597
825,Crystallum Peter Max Pinot noir,Beverage,Ent - Red Wine,Dog,10558.93,23,459.08,0.0,0.0,0.0036,99.3669
826,Savanna Bucket,Beverage,Ent - Cooler,Dog,10558.93,59,178.96,0.0,0.0,0.0036,99.3633
827,Wixworth Gin,Beverage,Ent - White Spirits,Plowhorse,10464.17,217,48.22,0.0,0.0,0.0036,99.3705
828,Bolognaise,Food,Main Pasta,Plowhorse,10360.38,74,140.01,0.0,0.0,0.0035,99.374
829,L'Ormarins Brut Classique ,Beverage,Ent - Sparkling Wine,Dog,10315.26,16,644.7,0.0,0.0,0.0035,99.3775
830,CD23 - 3 Veuve Clicquot Yellow L,Beverage,Prop - Sparkling Wine,Dog,10288.19,4,2572.05,0.0,0.0,0.0035,99.3845
831,AW4 Adi Badenhorst & Duncan Sava,Beverage,Ent - White Wine,Dog,10288.19,11,935.29,0.0,0.0,0.0035,99.381
832,AW2 Vriesenhof Pinot Noir 1.5L 2,Beverage,Ent - Red Wine,Dog,10288.19,5,2057.64,0.0,0.0,0.0035,99.388
833,Butternut,Food,Side Orders,Plowhorse,10282.77,211,48.73,-9.93,-0.1,0.0035,99.3915
834,KWV 10 year Old 750ml,Beverage,Ent - Brandy,Dog,10259.3,9,1139.92,0.0,0.0,0.0035,99.395
835,ZAR Light 340ml,Beverage,Ent - Beer,Plowhorse,10255.7,245,41.86,-37.9,-0.37,0.0035,99.3985
836,Trizanne Signature 2019 Darling ,Beverage,Ent - Red Wine,Plowhorse,10224.11,67,152.6,-325.78999999999996,-3.09,0.0035,99.402
837,Meerlust Pinot Noir,Beverage,Ent - Red Wine,Dog,10107.69,13,777.51,0.0,0.0,0.0034,99.4088
838,AW2 Jordan Sophia 2012,Beverage,Ent - White Wine,Dog,10107.69,6,1684.62,0.0,0.0,0.0034,99.4054
839,Valentines Day Single ,Food,Main Specials,Dog,10107.689999999999,12,842.31,-541.48,-5.08,0.0034,99.4122
840,Courvoisier X.O. Bottle,Beverage,Ent - Cognac,Dog,10089.64,2,5044.82,0.0,0.0,0.0034,99.4156
841,Pol Roger Winston Churchill Vint,Beverage,Ent - Sparkling Wine,Dog,10017.44,3,3339.15,0.0,0.0,0.0034,99.419
842,Vanillia Bean Panacotta,Food,Hot Dessert,Plowhorse,10000.52,80,125.01,-39.48,-0.39,0.0034,99.4224
843,Martell X.O Bottle,Beverage,Ent - Cognac,Dog,9972.32,2,4986.16,0.0,0.0,0.0034,99.4258
844,De Krans Touriga Nacional 750ml,Beverage,Ent - White Wine,Dog,9910.05,15,660.67,-125.44,-1.25,0.0034,99.4292
845,CD23 - 4 Moet & Chandon Nectar I,Beverage,Prop - Sparkling Wine,Dog,9882.07,3,3294.02,0.0,0.0,0.0034,99.4326
846,Klipdrift 50ml,Beverage,Ent - Brandy,Plowhorse,9827.92,109,90.16,0.0,0.0,0.0033,99.4359
847,AW3 Hartenberg CWG Auction Cab S,Beverage,Ent - Red Wine,Dog,9818.9,7,1402.7,0.0,0.0,0.0033,99.4392
848,AW2 Ernie Els CWG 2013,Beverage,Ent - White Wine,Dog,9746.7,8,1218.34,0.0,0.0,0.0033,99.4425
849,Hendricks Orbium Gin Bottle,Beverage,Ent - White Spirits,Dog,9728.65,6,1621.44,0.0,0.0,0.0033,99.4458
850,AW3 Saronsberg Sneeusig Shiraz 2,Beverage,Ent - Red Wine,Dog,9475.96,6,1579.33,0.0,0.0,0.0032,99.449
851,Valentines Day R1750,Food,Main Poultry,Dog,9475.96,5,1895.19,0.0,0.0,0.0032,99.4522
852,Acqua Panna 250ml,Beverage,Ent - Minerals Water,Plowhorse,9391.58,225,41.74,-52.8,-0.56,0.0032,99.4554
853,The Foundry Grenache Noir 750ml,Beverage,Ent - Red Wine,Dog,9385.71,14,670.41,0.0,0.0,0.0032,99.4586
854,Glass Of Fresh Juice,Beverage,Ent - Minerals Softdrinks,Plowhorse,9307.02,290,32.09,-48.92,-0.52,0.0032,99.4618
855,AW4 Vriesenhof Vineyards Pinot N,Beverage,Ent - Red Wine,Dog,9295.47,3,3098.49,0.0,0.0,0.0032,99.465
856,Fillet & Merlot Special for two,Food,Main Grill,Dog,9189.88,15,612.66,0.0,0.0,0.0031,99.4712
857,Gwinya & R&R Promo,Food,Light Meals,Dog,9189.88,15,612.66,0.0,0.0,0.0031,99.4681
858,AW3 Boschkloof Epilogue Syrah 20,Beverage,Ent - Red Wine,Dog,9160.09,6,1526.68,0.0,0.0,0.0031,99.4743
859,Rall Cinsault  750ml,Beverage,Ent - Red Wine,Dog,9128.5,16,570.53,0.0,0.0,0.0031,99.4774
860,Kiwi Fynbos Wine Cooler ,Beverage,Ent - Cocktails,Plowhorse,9076.62,68,133.48,-60.92,-0.67,0.0031,99.4805
861,Frangelico,Beverage,Ent - Liqueur,Plowhorse,9051.08,188,48.14,-151.43,-1.65,0.0031,99.4836
862,Mirari Pink Bottle Gin,Beverage,Ent - White Spirits,Dog,9015.7,6,1502.62,0.0,0.0,0.0031,99.4867
863,Reyneke Biodynamic Reserve Red 7,Beverage,Ent - Red Wine,Dog,8934.48,8,1116.81,0.0,0.0,0.003,99.4897
864,Springbok Carpaccio,Food,Starter,Dog,8907.4,60,148.46,-27.07,-0.3,0.003,99.4927
865,Lanson Ivory Label Demi Sec 750m,Beverage,Ent - Sparkling Wine,Dog,8884.84,14,634.63,0.0,0.0,0.003,99.4957
866,Durbanville Hills Sauvignon Blan,Beverage,Ent - White Wine,Dog,8821.67,39,226.2,-428.67,-4.63,0.003,99.4987
867,Benedict Royal,Food,Breakfast Extra,Plowhorse,8820.77,102,86.48,0.0,0.0,0.003,99.5017
868,Lismore Esate Viognier 750ml,Beverage,Ent - White Wine,Dog,8731.869999999999,13,671.68,-62.72,-0.71,0.003,99.5047
869,Burger & Agar's Promo,Food,Light Meals,Dog,8727.81,46,189.74,-17.15,-0.2,0.003,99.5077
870,Flying Fish Apple Flavoured Beer,Beverage,Ent - Beer,Plowhorse,8716.04,175,49.81,-33.43,-0.38,0.003,99.5107
871,Aperol,Beverage,Ent - Aperitif,Plowhorse,8688.1,135,64.36,0.0,0.0,0.003,99.5137
872,Bernini Ruby Berry NRB 275ml,Beverage,Ent - Cooler,Plowhorse,8643.880000000001,175,49.39,-18.05,-0.21,0.0029,99.5166
873,Nederburg Noble Late Harvest,Beverage,Ent - White Wine,Dog,8483.24,24,353.47,0.0,0.0,0.0029,99.5195
874,Dark Chocolate Mousse Popsicle,Food,Cold Dessert,Plowhorse,8447.14,65,129.96,0.0,0.0,0.0029,99.5224
875,Leeu Passant Cabernet Sauvignon ,Beverage,Ent - Red Wine,Dog,8438.12,10,843.81,0.0,0.0,0.0029,99.5253
876,David & Nadia Hoe Steen 750ml,Beverage,Ent - White Wine,Dog,8431.35,10,843.14,-751.3,-8.18,0.0029,99.5282
877,Courvoiser V.S.O.P Bottle,Beverage,Ent - Cognac,Dog,8392.99,4,2098.25,0.0,0.0,0.0029,99.5311
878,Mango Daiquiri.BLH,Beverage,Ent - Cocktails,Plowhorse,8373.59,76,110.18,-64.53,-0.76,0.0028,99.5339
879,Martini Bianco,Beverage,Ent - Aperitif,Plowhorse,8311.77,215,38.66,0.0,0.0,0.0028,99.5367
880,Cointreau,Beverage,Ent - Liqueur,Plowhorse,8278.56,156,53.07,-4.33,-0.05,0.0028,99.5395
881,Rall Concrete Syrah 750ml,Beverage,Ent - Red Wine,Dog,8212.5,13,631.73,0.0,0.0,0.0028,99.5423
882,Fillet & Merlot Special for one,Food,Main Grill,Dog,8165.12,23,355.01,-47.38,-0.58,0.0028,99.5451
883,AW Rijks Pinotage 2011,Beverage,Ent - Red Wine,Dog,8122.25,5,1624.45,0.0,0.0,0.0028,99.5507
884,AW Saronsberg Weathered Hand Shi,Beverage,Ent - Red Wine,Dog,8122.25,5,1624.45,0.0,0.0,0.0028,99.5535
885,De Grendel Amandelboord Pinotage,Beverage,Ent - Red Wine,Dog,8122.25,11,738.39,0.0,0.0,0.0028,99.5479
886,AW2 GrahamBeck Ultr Methode C Cl,Beverage,Ent - White Wine,Dog,8090.67,9,898.96,0.0,0.0,0.0027,99.5562
887,Grey Goose Vodka Bottle,Beverage,Ent - White Spirits,Dog,8086.15,5,1617.23,0.0,0.0,0.0027,99.5589
888,Chocolate Marquise,Food,Cold Dessert,Plowhorse,8009.4400000000005,64,125.15,0.0,0.0,0.0027,99.5616
889,Decaf Cappuccino L,Food,Ent - Coffee,Plowhorse,8000.599999999999,190,42.11,-54.87,-0.68,0.0027,99.5643
890,B 52,Beverage,Ent - Shooters,Plowhorse,7930.93,208,38.13,-37.9,-0.48,0.0027,99.567
891,Snack Menu 3,Food,Banqueting - Cocktail ,Plowhorse,7910.17,74,106.89,0.0,0.0,0.0027,99.5697
892,Monkey Shoulder Bottle,Beverage,Ent - Whiskey,Dog,7858.73,6,1309.79,0.0,0.0,0.0027,99.5724
893,Castle Free Alcohol Beer 340ml,Beverage,Ent - Beer,Plowhorse,7841.219999999999,183,42.85,-83.39,-1.05,0.0027,99.5751
894,Mirari Amber Bottle Gin,Beverage,Ent - White Spirits,Dog,7661.990000000001,6,1277.0,0.0,0.0,0.0026,99.5777
895,Coconut Cheesecake,Food,Cold Dessert,Plowhorse,7651.16,64,119.55,-37.9,-0.49,0.0026,99.5803
896,Drambuie,Beverage,Ent - Liqueur,Plowhorse,7620.47,150,50.8,0.0,0.0,0.0026,99.5829
897,Radford Dale Antidote Gamay Noir,Beverage,Ent - Red Wine,Dog,7594.31,15,506.29,0.0,0.0,0.0026,99.5855
898,Armand De Brignac Rose 750ml,Beverage,Ent - Sparkling Wine,Dog,7580.77,1,7580.77,-1895.19,-20.0,0.0026,99.5881
899,Crescendo Reserve ,Beverage,Ent - Red Wine,Dog,7580.77,2,3790.38,0.0,0.0,0.0026,99.5907
900,Beaujolais Daniel Boulard,Beverage,Ent - Red Wine,Dog,7580.77,11,689.16,0.0,0.0,0.0026,99.5933
901,Eggs Benedict,Food,Breakfast Extra,Plowhorse,7557.3,491,15.39,-30.68,-0.4,0.0026,99.5959
902,Tequilla Sunrise,Beverage,Ent - Cocktails,Plowhorse,7532.030000000001,80,94.15,0.0,0.0,0.0026,99.5985
903,Smoked Salmon Eggs,Food,Breakfast Extra,Plowhorse,7508.12,108,69.52,-191.78,-2.49,0.0026,99.6011
904,Strawberry Bowl,Food,Cold Dessert,Plowhorse,7360.110000000001,245,30.04,-4.06,-0.06,0.0025,99.6036
905,Bains Cape Whisky 750ml,Beverage,Ent - Whiskey,Dog,7353.35,6,1225.56,0.0,0.0,0.0025,99.6061
906,Valdo Rose Floral ,Beverage,Ent - Sparkling Wine,Dog,7310.03,16,456.88,0.0,0.0,0.0025,99.6086
907,Caramel Banana and Hazelnut Text,Food,Cold Dessert,Plowhorse,7276.41,69,105.46,-42.64,-0.58,0.0025,99.6111
908,Three Ships 15yrs Pinotage Oak 7,Beverage,Ent - Whiskey,Dog,7184.58,35,205.27,0.0,0.0,0.0024,99.6135
909,Caolila 12yo Single Malt ,Beverage,Ent - Whiskey,Plowhorse,7058.24,71,99.41,0.0,0.0,0.0024,99.6159
910,Old Ways Longavi Grenache 750ml,Beverage,Ent - Red Wine,Dog,7039.28,11,639.93,0.0,0.0,0.0024,99.6183
911,"Deck-Sliced Biltong,Chilli Stick",Food,Starter,Dog,6998.68,44,159.06,-148.9,-2.08,0.0024,99.6207
912,Corona Bucket,Beverage,Ent - Beer,Dog,6994.16,23,304.09,0.0,0.0,0.0024,99.6231
913,Geographica Bonsai Chenin Blanc ,Beverage,Ent - White Wine,Dog,6980.62,12,581.72,0.0,0.0,0.0024,99.6255
914,AW6 Spier Farm House Chenin Blan,Beverage,Ent - White Wine,Dog,6949.04,9,772.12,0.0,0.0,0.0024,99.6279
915,San Pellegrino 250ml,Beverage,Ent - Minerals Water,Plowhorse,6939.110000000001,170,40.82,-5.41,-0.08,0.0024,99.6303
916,Moscow Mule,Beverage,Ent - Cocktails,Plowhorse,6931.17,74,93.66,-17.87,-0.26,0.0024,99.6327
917,Beaumont Pinotage,Beverage,Ent - Red Wine,Dog,6899.4,10,689.94,0.0,0.0,0.0023,99.635
918,Cake 10 inch,Food,Dessert Special,Dog,6836.2300000000005,9,759.58,0.0,0.0,0.0023,99.6373
919,Veal Loin,Food,Main Grill,Dog,6785.69,19,357.14,-131.76,-1.9,0.0023,99.6396
920,Dark Chocolate Torte,Food,Hot Dessert,Plowhorse,6748.919999999999,66,102.26,-33.17,-0.49,0.0023,99.6419
921,Autogragh Gin,Beverage,Ent - White Spirits,Plowhorse,6740.57,123,54.8,-9.93,-0.15,0.0023,99.6442
922,Monis Full GLS,Beverage,Ent - Sherry,Plowhorse,6729.28,72,93.46,-12.18,-0.18,0.0023,99.6465
923,AW6 De Grendel Op die Berg Pinot,Beverage,Ent - Red Wine,Dog,6678.3,7,954.04,0.0,0.0,0.0023,99.6534
924,Rall NOA Chenin Blanc 750ml,Beverage,Ent - White Wine,Dog,6678.3,7,954.04,0.0,0.0,0.0023,99.6488
925,AW2 Kanonkop CWG Paul Sauer 2012,Beverage,Ent - White Wine,Dog,6678.3,2,3339.15,0.0,0.0,0.0023,99.6511
926,Three Ships 10 YO Bottle ,Beverage,Ent - Whiskey,Dog,6570.0,4,1642.5,0.0,0.0,0.0022,99.6556
927,Decaf Americano L,Food,Ent - Coffee,Plowhorse,6461.71,165,39.16,-7.22,-0.11,0.0022,99.6578
928,AW2 Bouchard Finlayson A Res Pin,Beverage,Ent - Red Wine,Dog,6443.65,6,1073.94,0.0,0.0,0.0022,99.66
929,Stellenbosch Vinyard Verdelho 75,Beverage,Ent - White Wine,Dog,6416.58,16,401.04,0.0,0.0,0.0022,99.6622
930,Caprese Salad ,Food,Salad,Dog,6413.87,56,114.53,-20.76,-0.32,0.0022,99.6644
931,Neil Ellis Sauvignon Blanc,Beverage,Ent - White Wine,Dog,6335.36,18,351.96,0.0,0.0,0.0022,99.6666
932,Johnnie Walker Green Label Bottl,Beverage,Ent - Whiskey,Dog,6317.31,2,3158.66,0.0,0.0,0.0021,99.6729
933,AW3 Nederburg PB R109 Cab Sauv M,Beverage,Ent - Red Wine,Dog,6317.31,5,1263.46,0.0,0.0,0.0021,99.6708
934,Tokara Sauvignon Blanc,Beverage,Ent - White Wine,Dog,6317.31,13,485.95,0.0,0.0,0.0021,99.6687
935,Crystallum The Agnes Chardonnay,Beverage,Ent - White Wine,Dog,6273.99,16,392.12,-142.59,-2.22,0.0021,99.675
936,Damascene Cab Franc 750ml,Beverage,Ent - Red Wine,Dog,6272.18,9,696.91,0.0,0.0,0.0021,99.6771
937,Lagavulin 16 Year Old 750ml,Beverage,Ent - Whiskey,Dog,6193.67,5,1238.73,0.0,0.0,0.0021,99.6792
938,AW3 Hartenberg CWG Auction Stell,Beverage,Ent - White Wine,Dog,6136.81,4,1534.2,0.0,0.0,0.0021,99.6813
939,Niel Jourbet Gruner 750ml,Beverage,Ent - White Wine,Dog,6123.28,22,278.33,-266.23,-4.17,0.0021,99.6834
940,Gin & Mixer,Beverage,Ent - White Spirits,Plowhorse,6091.69,81,75.21,0.0,0.0,0.0021,99.6876
941,Lismore Age Of Grace Viognier 75,Beverage,Ent - White Wine,Dog,6091.69,14,435.12,0.0,0.0,0.0021,99.6855
942,Peroni Nastro Azzurro NRB 330ml,Beverage,Ent - Beer,Plowhorse,6088.08,121,50.31,0.0,0.0,0.0021,99.6897
943,De Krans Touriga Naciona.PTA,Beverage,Ent - Red Wine,Dog,6060.1,16,378.76,0.0,0.0,0.0021,99.6918
944,Hennessy VSOP Luminous,Beverage,Ent - Cognac,Dog,6018.59,35,171.96,0.0,0.0,0.002,99.6938
945,Blackwater Noir,Beverage,Ent - Red Wine,Dog,5875.1,19,309.22,0.0,0.0,0.002,99.6958
946,Cake 26 inch,Food,Dessert Special,Dog,5866.07,7,838.01,0.0,0.0,0.002,99.6978
947,CD23 - 6 Veuve Clicquot Rich,Beverage,Prop - Sparkling Wine,Dog,5866.07,1,5866.07,0.0,0.0,0.002,99.6998
948,Red Heart,Beverage,Ent - Rum,Plowhorse,5865.17,169,34.71,-50.54,-0.85,0.002,99.7018
949,Reyneke Biodynamic Syrah,Beverage,Ent - Red Wine,Dog,5854.34,12,487.86,0.0,0.0,0.002,99.7038
950,Modern Caesar Salad,Food,Salad,Dog,5843.51,32,182.61,0.0,0.0,0.002,99.7058
951,Born of Fire Chenin Blanc 750ml,Beverage,Ent - White Wine,Dog,5807.41,12,483.95,0.0,0.0,0.002,99.7078
952,AW3 Cederberg Teen Die Hoog Shir,Beverage,Ent - Red Wine,Dog,5775.82,4,1443.96,0.0,0.0,0.002,99.7098
953,Alheit Vineyards Monument Semill,Beverage,Ent - White Wine,Dog,5744.24,7,820.61,0.0,0.0,0.002,99.7118
954,Alheit Nautical Dawn 750ml,Beverage,Ent - White Wine,Dog,5744.23,7,820.6,0.0,0.0,0.002,99.7138
955,AW4 Bartho Eksteen Vloekskoot Sa,Beverage,Ent - White Wine,Dog,5699.11,5,1139.82,0.0,0.0,0.0019,99.7157
956,Diemersdal The Journal Pinotage ,Beverage,Ent - Red Wine,Dog,5685.58,6,947.6,0.0,0.0,0.0019,99.7195
957,AW2 Etienne le Riche Cab Sauv A ,Beverage,Ent - Red Wine,Dog,5685.58,4,1421.4,0.0,0.0,0.0019,99.7176
958,Neil Ellis Shiraz 750ml,Beverage,Ent - Red Wine,Dog,5685.57,3,1895.19,0.0,0.0,0.0019,99.7214
959,French Toast,Food,Breakfast Extra,Plowhorse,5676.55,68,83.48,0.0,0.0,0.0019,99.7233
960,Bushmills Black Bush,Beverage,Ent - Whiskey,Plowhorse,5672.9400000000005,83,68.35,-138.98000000000002,-2.39,0.0019,99.7252
961,CD23 - Moet & Chandon ICE,Beverage,Prop - Sparkling Wine,Dog,5640.45,5,1128.09,0.0,0.0,0.0019,99.7271
962,Grilled Kippers,Food,Breakfast Extra,Plowhorse,5623.31,206,27.3,-230.13,-3.93,0.0019,99.729
963,Deconstructed Tiramisu,Food,Hot Dessert,Dog,5617.89,45,124.84,-22.56,-0.4,0.0019,99.7309
964,Chai Cappucino,Food,Ent - Tea,Plowhorse,5604.35,142,39.47,-63.17,-1.11,0.0019,99.7328
965,Diemersdal Estate Durbanville,Beverage,Ent - White Wine,Dog,5590.82,19,294.25,0.0,0.0,0.0019,99.7347
966,Waterford Estate Chardonnay ,Beverage,Ent - White Wine,Dog,5414.83,5,1082.97,0.0,0.0,0.0018,99.7365
967,Rupert Wines Die Ou Bosstok Cins,Beverage,Ent - Red Wine,Dog,5369.71,9,596.63,0.0,0.0,0.0018,99.7401
968,Landskroon Pdv Cabernet Franc 75,Beverage,Ent - Red Wine,Dog,5369.71,9,596.63,0.0,0.0,0.0018,99.7383
969,Cape Of Good Hope Chenin 750ml,Beverage,Ent - White Wine,Dog,5360.69,11,487.34,0.0,0.0,0.0018,99.7419
970,Meerlust Stellenbosch Merlot 201,Beverage,Ent - Red Wine,Dog,5252.39,5,1050.48,0.0,0.0,0.0018,99.7437
971,Warm Apple Crumble ,Food,Hot Dessert,Dog,5233.4400000000005,41,127.64,-23.46,-0.45,0.0018,99.7455
972,AW2 Beyerskloof Traildust Pinota,Beverage,Ent - Red Wine,Dog,5130.56,3,1710.19,0.0,0.0,0.0017,99.7472
973,Nitida Semillon,Beverage,Ent - White Wine,Dog,5117.02,19,269.32,0.0,0.0,0.0017,99.7489
974,Ketel One,Beverage,Ent - White Spirits,Plowhorse,5103.48,117,43.62,0.0,0.0,0.0017,99.7506
975,Tuna Linseed Rye,Food,Light Meals,Dog,5089.94,42,121.19,0.0,0.0,0.0017,99.7523
976,Three Ships Single Malt 10 Year,Beverage,Ent - Whiskey,Plowhorse,5084.07,73,69.64,-5.87,-0.12,0.0017,99.754
977,Groot Constantia Chardonay 750ml,Beverage,Ent - White Wine,Dog,5022.26,6,837.04,0.0,0.0,0.0017,99.7557
978,Longavi Gulp Pais 750ml,Beverage,Ent - Red Wine,Dog,5017.75,7,716.82,0.0,0.0,0.0017,99.7574
979,AW Luddite Reserve Shiraz Mourve,Beverage,Ent - Red Wine,Dog,4963.6,5,992.72,0.0,0.0,0.0017,99.7591
980,Spier CWG Organic Chenin Blanc 2,Beverage,Ent - White Wine,Dog,4864.33,6,810.72,0.0,0.0,0.0017,99.7608
981,Tullamore Dew 12 Year,Beverage,Ent - Whiskey,Plowhorse,4765.05,70,68.07,0.0,0.0,0.0016,99.7624
982,Victoria Blue Gin,Beverage,Ent - White Spirits,Plowhorse,4715.42,86,54.83,0.0,0.0,0.0016,99.764
983,Graham Beck Brut Rose NV,Beverage,Ent - Sparkling Wine,Dog,4692.86,7,670.41,0.0,0.0,0.0016,99.7656
984,Black Elephant Two Dogs Sauv/Bla,Beverage,Ent - White Wine,Dog,4690.6,10,469.06,-223.36,-4.55,0.0016,99.7672
985,Heineken Silver NRB 330ml,Beverage,Ent - Beer,Plowhorse,4609.83,83,55.54,0.0,0.0,0.0016,99.7688
986,AW3 Hartenberg CWG Auction Shira,Beverage,Ent - Red Wine,Dog,4602.61,3,1534.2,0.0,0.0,0.0016,99.7704
987,AW Hartenberg Shiraz 2011,Beverage,Ent - Red Wine,Dog,4602.61,3,1534.2,0.0,0.0,0.0016,99.772
988,David & Nadia Plat Bos 750ml,Beverage,Ent - White Wine,Dog,4571.02,5,914.2,-500.87,-9.88,0.0016,99.7736
989,Dalwhinnie 15 Year ,Beverage,Ent - Whiskey,Dog,4566.51,32,142.7,0.0,0.0,0.0016,99.7752
990,Laurent Perrier Alexandra,Beverage,Ent - Sparkling Wine,Dog,4512.36,2,2256.18,0.0,0.0,0.0015,99.7767
991,Upside down Plum Cake with Spice,Food,Cold Dessert,Dog,4495.44,36,124.87,-16.92,-0.37,0.0015,99.7782
992,Alheit Huilkrans 750ml,Beverage,Ent - White Wine,Dog,4494.3099999999995,5,898.86,0.0,0.0,0.0015,99.7797
993,Budweiser Flavoured Beer 330ml,Beverage,Ent - Beer,Plowhorse,4476.26,112,39.97,0.0,0.0,0.0015,99.7812
994,Sandlands Zinfalndel 750ml,Beverage,Ent - Red Wine,Dog,4467.24,5,893.45,0.0,0.0,0.0015,99.7827
995,Boekenhoutkloof Chocolate Block,Beverage,Ent - Red Wine,Dog,4449.19,7,635.6,0.0,0.0,0.0015,99.7842
996,Milo,Food,Ent - Coffee,Plowhorse,4434.570000000001,176,25.2,-41.7,-0.93,0.0015,99.7857
997,David & Nadia Chenin Blanc 750ml,Beverage,Ent - White Wine,Dog,4426.63,8,553.33,0.0,0.0,0.0015,99.7872
998,AW3 Simonsig Mediterraneo 2015 ,Beverage,Ent - White Wine,Dog,4422.11,6,737.02,0.0,0.0,0.0015,99.7887
999,AW5 Jordan Sophia 2015,Beverage,Ent - Red Wine,Dog,4331.87,3,1443.96,0.0,0.0,0.0015,99.7902
1000,KWV The Mentors Grenache Blanc,Beverage,Ent - White Wine,Dog,4274.11,27,158.3,-57.76,-1.33,0.0015,99.7917
1001,Bailey's Cremeux,Food,Cold Dessert,Dog,4264.18,32,133.26,0.0,0.0,0.0014,99.7931
1002,Strawberry Mojito.MGH,Beverage,Ent - Cocktails,Dog,4248.84,39,108.94,-19.85,-0.47,0.0014,99.7945
1003,Stark Conde Sauvignon Blan 750ml,Beverage,Ent - White Wine,Dog,4223.57,5,844.71,0.0,0.0,0.0014,99.7959
1004,Martell X.o 12year,Beverage,Ent - Cognac,Dog,4219.06,10,421.91,0.0,0.0,0.0014,99.7973
1005,Belvedere Peach,Beverage,Ent - White Spirits,Plowhorse,4205.52,86,48.9,-81.22,-1.89,0.0014,99.7987
1006,Momento Grenache Gris,Beverage,Ent - White Wine,Dog,4151.38,33,125.8,0.0,0.0,0.0014,99.8001
1007,Three Ship 10 YO,Beverage,Ent - Whiskey,Plowhorse,4124.3,63,65.47,0.0,0.0,0.0014,99.8015
1008,Hope On Hopkins Gin London Dry,Beverage,Ent - White Spirits,Plowhorse,4073.76,87,46.82,0.0,0.0,0.0014,99.8029
1009,Bernini Bucket x 4,Beverage,Ent - Cooler,Dog,4061.13,23,176.57,0.0,0.0,0.0014,99.8071
1010,De Trafford Straw Wine,Beverage,Ent - Port,Dog,4061.13,3,1353.71,0.0,0.0,0.0014,99.8043
1011,Neil Ellis Cabernet Sauv Magnum,Beverage,Ent - Red Wine,Dog,4061.13,5,812.23,0.0,0.0,0.0014,99.8057
1012,Chicken Ciabatta,Food,Light Meals,Dog,4050.3,34,119.13,-64.98,-1.58,0.0014,99.8085
1013,Famous Grouse,Beverage,Ent - Whiskey,Plowhorse,4028.64,105,38.37,0.0,0.0,0.0014,99.8099
1014,White Hot Choccolate,Food,Ent - Coffee,Plowhorse,4026.84,109,36.94,-14.44,-0.36,0.0014,99.8113
1015,AW6 Rijks Pinotage Reserve 2008,Beverage,Ent - Red Wine,Dog,4025.03,4,1006.26,0.0,0.0,0.0014,99.8127
1016,Fabien Jouves Malbec 750ml,Beverage,Ent - Red Wine,Dog,4020.51,8,502.56,0.0,0.0,0.0014,99.8141
1017,Born of Fire Syrah 750ml,Beverage,Ent - Red Wine,Dog,4020.51,8,502.56,0.0,0.0,0.0014,99.8155
1018,ZAR Bucket 6 Promo,Beverage,Ent - Beer,Dog,3942.9,20,197.14,0.0,0.0,0.0013,99.8168
1019,Gentlemans Jack Bottle,Beverage,Ent - Whiskey,Dog,3942.0,3,1314.0,0.0,0.0,0.0013,99.8181
1020,Paul Cluver Riesling Elgin,Beverage,Ent - White Wine,Dog,3925.75,14,280.41,0.0,0.0,0.0013,99.8194
1021,CD23 - 6 Moet & Chandon Brut Imp,Beverage,Prop - Sparkling Wine,Dog,3925.75,1,3925.75,0.0,0.0,0.0013,99.8207
1022,Devils Peak First Lager 300,Beverage,Ent - Beer,Plowhorse,3858.07,86,44.86,0.0,0.0,0.0013,99.822
1023,Van Ryns Collectors Reserve 20YO,Beverage,Ent - Brandy,Dog,3835.51,1,3835.51,0.0,0.0,0.0013,99.8233
1024,AW5 Groot Constantia Gouverneurs,Beverage,Ent - Red Wine,Dog,3817.46,3,1272.49,0.0,0.0,0.0013,99.8246
1025,Belvedere Cirtus Bottle,Beverage,Ent - White Spirits,Dog,3790.38,3,1263.46,0.0,0.0,0.0013,99.8259
1026,Tonic Water Fitch & Leeds 200ml,Beverage,Ent - Minerals Softdrinks,Plowhorse,3725.41,116,32.12,0.0,0.0,0.0013,99.8272
1027,Cake 8 inch,Food,Dessert Special,Dog,3700.1400000000003,7,528.59,0.0,0.0,0.0013,99.8285
1028,Haute Cab Wht GLS,Beverage,Ent - White Wine,Dog,3682.09,43,85.63,0.0,0.0,0.0013,99.8298
1029,Old Ways Longavi Sauvignon Gris ,Beverage,Ent - White Wine,Dog,3655.01,8,456.88,0.0,0.0,0.0012,99.831
1030,Beetroot Tart with Goat cheese ,Food,Starter,Dog,3636.74,27,134.69,-18.28,-0.5,0.0012,99.8322
1031,Rump & Wing Combo,Food,Main Specials,Dog,3627.4,13,279.03,-403.04,-10.0,0.0012,99.8334
1032,Monis Full Cream,Beverage,Ent - Sherry,Dog,3573.79,10,357.38,0.0,0.0,0.0012,99.8346
1033,Valpre Still 500ml,Beverage,Ent - Minerals Water,Plowhorse,3494.37,91,38.4,-7.22,-0.21,0.0012,99.8418
1034,Devils Peak Zero to Hero Ale,Beverage,Ent - Beer,Plowhorse,3159.38,77,41.03,-75.09,-2.32,0.0011,99.8563
1035,Hunters Extreme NRB 275ml,Beverage,Ent - Cooler,Plowhorse,3091.87,79,39.14,-48.73,-1.55,0.0011,99.8651
1036,Coke Zero Can 200ml,Beverage,Ent - Minerals Softdrinks,Plowhorse,2873.47,77,37.32,0.0,0.0,0.001,99.8781
1037,Devils Peak First Light Beer NRB,Beverage,Ent - Beer,Plowhorse,2804.88,67,41.86,0.0,0.0,0.001,99.8801
1038,Italian Benedict Poached,Food,Breakfast Extra,Plowhorse,2721.86,293,9.29,-44.22,-1.6,0.0009,99.8819
1039,Fiery Chicken Livers,Food,Breakfast Extra,Plowhorse,2554.45,77,33.17,-53.7,-2.06,0.0009,99.89
1040,Tang Apple Sour,Beverage,Ent - Liqueur,Plowhorse,2526.92,67,37.72,-7.22,-0.28,0.0009,99.8909
1041,Whole Fruit,Food,Breakfast Extra,Plowhorse,2391.55,96,24.91,0.0,0.0,0.0008,99.9008
1042,Valpre Sparkling 500ml,Beverage,Ent - Minerals Water,Plowhorse,2391.33,63,37.96,-4.74,-0.2,0.0008,99.9016
1043,Jasmine Tea,Food,Ent - Tea,Plowhorse,2149.96,77,27.92,-12.36,-0.57,0.0007,99.9155
1044,Breakfast Sandwich,Food,Breakfast Extra,Plowhorse,1757.1100000000001,180,9.76,0.0,0.0,0.0006,99.9372
1045,Angostura Bitters,Beverage,Ent - Aperitif,Plowhorse,1747.73,102,17.13,-3.07,-0.18,0.0006,99.9378
1046,Breakfast African,Food,Breakfast Extra,Plowhorse,690.39,375,1.84,0.0,0.0,0.0002,99.9808
1047,Breakfast Royal,Food,Breakfast Extra,Plowhorse,0.0,1100,0.0,0.0,0.0,0.0,99.9998
1048,Wagyu Beef Sausage,Food,Breakfast Extra,Plowhorse,0.0,399,0.0,0.0,0.0,0.0,99.9998
1049,Special ,Food,Breakfast Extra,Plowhorse,0.0,1143,0.0,0.0,0.0,0.0,99.9998
1050,Spanish Omeletes,Food,Breakfast Extra,Plowhorse,0.0,1198,0.0,0.0,0.0,0.0,99.9998
